label,shape_type,a_0,a_1,a_2,a_3,a_4,a_5,a_6,a_7,a_8,a_9,a_10,a_11,a_12,a_13,a_14,a_15,a_16,a_17,a_18,a_19,a_20,a_21,a_22,a_23,a_24,a_25,a_26,a_27,a_28,a_29,a_30,a_31,a_32,a_33,a_34,a_35,a_36,a_37,a_38,a_39,a_40,a_41,a_42,a_43,a_44,a_45,a_46,a_47,a_48,a_49,a_50,a_51,a_52,a_53,a_54,a_55,a_56,a_57,a_58,a_59,a_60,a_61,a_62,a_63,a_64,a_65,a_66,a_67,a_68,a_69,a_70,a_71,a_72,a_73,a_74,a_75,a_76,a_77,a_78,a_79,a_80,a_81,a_82,a_83,a_84,a_85,a_86,a_87,a_88,a_89,a_90,a_91,a_92,a_93,a_94,a_95,a_96,a_97,a_98,a_99,a_100
1,lorentzian,0.069088,0.081688,0.035319,0.005815,-0.067277,-0.015672,0.019435,0.071203,-0.020502,0.008120,-0.030144,-0.039763,0.053456,0.033743,0.001771,-0.005282,-0.004688,-0.010084,0.075401,0.059119,0.049964,-0.019428,-0.130123,-0.015038,0.160239,0.086725,0.011486,-0.043121,0.046457,0.213647,0.029078,0.017077,0.096651,0.051731,-0.037960,0.055951,0.198235,0.050513,0.194758,0.163909,0.188425,0.204075,0.218597,0.387930,0.344066,0.382766,0.282175,0.383993,0.625838,0.583120,0.859798,0.866308,1.084001,1.137329,1.162554,0.987984,1.091360,0.933254,0.759234,0.561740,0.631351,0.357885,0.484002,0.226193,0.176877,0.250445,0.295789,0.267392,0.056719,0.032519,0.152789,0.123810,-0.019257,0.055181,0.178211,0.111909,0.025987,0.022744,-0.014961,0.109842,0.036985,-0.009319,0.051750,-0.005898,-0.155275,-0.010525,-0.018471,0.020160,-0.032558,-0.086576,0.101042,0.071255,0.032031,-0.014323,-0.067167,0.016016,0.074587,0.117039,0.117955,0.054848,0.143986
0,gaussian,-0.005793,-0.007506,-0.008420,0.012848,0.007790,-0.008997,0.030090,-0.002817,-0.004388,0.000926,0.013800,-0.007391,-0.021239,-0.004734,0.009863,-0.001876,0.007008,-0.008987,0.004956,-0.011060,0.013988,0.017841,-0.022389,-0.006734,-0.008959,-0.009000,-0.013377,0.000780,0.017066,0.022459,-0.002177,0.004211,0.021694,0.016163,-0.007131,-0.003034,0.010678,0.006160,-0.014235,-0.010173,0.013822,-0.008044,-0.003096,0.019723,0.055583,0.135516,0.314421,0.619317,1.053026,1.610482,2.112027,2.538763,2.656349,2.450007,1.964703,1.432140,0.921882,0.533861,0.262725,0.114011,0.037507,0.018149,0.008935,-0.017163,-0.006260,0.020350,-0.011513,0.012815,0.019406,0.009929,-0.007605,0.011063,-0.003423,-0.005015,-0.009336,-0.013514,0.004057,-0.002977,0.002764,-0.001172,0.006290,-0.011975,0.013906,-0.014039,0.005043,-0.003659,-0.008352,-0.005539,0.002901,-0.012107,-0.010395,0.014339,-0.001205,-0.001183,-0.021694,-0.012846,0.003201,-0.009175,0.011819,0.001806,-0.021552
0,gaussian,-0.008219,-0.007206,0.004201,0.007415,0.013468,0.001202,-0.001761,0.022045,0.007277,0.000133,0.042755,-0.014287,0.002365,-0.000785,-0.007325,-0.018470,-0.004874,0.014025,0.002297,-0.019277,-0.003739,-0.001548,0.011915,-0.007824,-0.010427,-0.008595,0.003008,-0.000371,0.008807,-0.003263,-0.017618,-0.016108,-0.001921,-0.000180,-0.008434,0.001642,-0.005358,-0.010217,-0.002643,0.005028,-0.001708,-0.019495,0.013849,0.012957,0.050041,0.113331,0.325771,0.762452,1.429847,2.200766,2.744922,2.813631,2.354255,1.601734,0.892113,0.413561,0.127290,0.054449,0.013787,-0.016613,0.014253,0.007294,0.005115,-0.014857,0.034585,0.012932,0.002414,-0.010604,-0.004624,-0.004319,-0.004473,-0.019775,-0.009172,0.007677,0.007805,-0.005022,0.008735,-0.004972,0.006145,0.011350,0.018485,0.003636,0.012693,-0.004353,0.000344,-0.002143,-0.004734,-0.000735,-0.000120,-0.006095,-0.022785,-0.017909,0.010508,0.007502,-0.013536,0.010975,-0.004503,0.008865,-0.010418,-0.015232,0.015297
1,lorentzian,0.140773,-0.059658,-0.043265,0.002484,0.024390,0.106044,-0.089839,0.067587,-0.050792,-0.050522,0.066489,0.041965,0.153093,0.027459,-0.011323,0.098902,0.080505,0.011200,0.070868,0.034631,0.194050,-0.075609,-0.022328,0.077903,0.129260,0.054316,0.112575,0.114929,0.001818,0.192214,0.067999,0.166202,0.229751,0.242153,0.288082,0.286227,0.274708,0.388604,0.491109,0.544227,0.741307,0.805385,1.004686,1.041883,1.123587,1.032019,0.906379,0.845382,0.659634,0.523503,0.554789,0.254648,0.484920,0.372325,0.183423,0.156012,0.018591,0.143508,0.070154,-0.004506,0.209763,0.116406,0.146924,-0.003508,0.055821,0.121493,-0.040658,0.033011,-0.096906,-0.020834,0.029600,0.134908,-0.032336,0.003783,0.023493,0.000313,0.030163,-0.007883,0.060584,0.042029,0.132751,-0.042064,-0.050379,-0.056395,0.004051,0.095119,-0.000782,0.058552,0.003284,-0.003693,-0.000598,-0.023839,0.101930,0.027384,-0.049534,0.076559,0.070222,0.067627,-0.024349,0.041497,-0.046641
1,lorentzian,-0.050513,0.092182,0.216422,0.098484,-0.173881,-0.000277,-0.110729,-0.005570,-0.089088,0.127175,0.025578,0.015186,0.077314,0.178346,0.170820,0.030714,0.019452,0.000057,-0.007894,0.061250,-0.103443,-0.126021,0.083844,-0.050877,0.013126,0.070001,0.075591,0.034545,-0.054521,0.256887,-0.073488,0.222251,0.100767,0.128162,0.177421,0.127535,0.178118,0.001193,0.052598,0.021205,0.030580,-0.057032,0.177426,0.191209,0.024057,0.119419,0.398838,0.217181,0.348360,0.286187,0.389334,0.504637,0.592770,0.563925,0.982086,1.035468,1.340725,1.378650,1.426747,1.286625,0.983998,1.001958,0.993262,0.671031,0.765586,0.473152,0.601880,0.482915,0.137833,0.204071,0.235668,0.398066,0.354662,0.083353,0.262400,0.121376,0.120612,0.122642,0.161802,0.230559,0.200875,0.228013,0.185687,-0.061982,0.016177,0.023442,0.130916,0.115558,0.047762,0.035793,-0.041599,0.018235,0.098401,0.194406,0.101666,-0.098822,0.182745,0.036991,0.033623,0.015837,0.136592
1,lorentzian,0.142584,0.012649,-0.004918,-0.004753,-0.057820,-0.044257,-0.000415,0.005493,0.010505,-0.034095,-0.075545,0.041756,-0.102192,0.159880,0.028153,0.036199,-0.183882,0.069334,0.133570,0.045049,-0.022579,0.031297,-0.041238,0.071492,0.099356,-0.080124,0.113471,0.094119,0.077134,0.125870,0.207382,0.031192,0.037905,0.144871,0.202025,0.114417,0.122155,0.111393,0.067553,0.374974,0.296372,0.222777,0.269870,0.346084,0.389406,0.390288,0.371348,0.499547,0.654481,0.906554,0.990416,1.115263,1.344988,1.430831,1.507319,1.466218,1.225093,1.181338,0.966514,0.750402,0.742458,0.663137,0.537585,0.528449,0.408221,0.359023,0.276086,0.295303,0.305681,0.281235,0.249461,0.283947,0.175847,0.141282,0.132979,0.109940,0.110755,0.108025,0.190877,-0.070776,0.160237,0.097657,0.118872,0.074441,0.142505,0.074515,0.141519,-0.064599,0.104162,-0.007179,-0.038448,0.017477,0.004627,-0.010502,0.135673,0.071643,0.207071,0.055787,-0.044160,0.003715,-0.052020
0,gaussian,0.027118,0.018311,0.034305,0.007719,0.027482,0.004312,-0.007705,-0.024353,-0.005079,0.018573,0.032021,-0.004217,0.022703,0.027484,-0.032374,0.023619,0.009799,0.010387,-0.003100,0.002120,-0.002879,-0.029223,0.035488,-0.005145,-0.008445,-0.020225,-0.015609,-0.019721,0.018402,0.003014,-0.001083,0.010719,0.013030,-0.001046,-0.002525,-0.002907,0.011025,-0.000795,-0.001496,-0.008806,0.014581,0.010786,-0.011640,0.006975,-0.008326,0.062951,0.209364,0.607542,1.217543,1.971608,2.533505,2.447712,1.886174,1.114222,0.532705,0.180769,0.062237,0.001329,-0.002883,0.024012,-0.017546,-0.018181,-0.031819,0.026894,0.001268,0.005112,-0.014664,0.030590,0.003162,-0.015116,-0.014191,0.014786,0.038082,-0.021529,-0.011644,-0.013417,-0.004568,0.001016,0.009200,-0.024407,-0.010927,-0.000164,-0.019768,-0.007310,-0.007798,-0.000269,-0.003719,0.032183,0.008142,0.007115,-0.005029,0.014442,-0.017700,0.004545,-0.008072,-0.000643,0.010475,-0.016324,-0.003283,0.003505,-0.010367
1,lorentzian,-0.030156,0.102281,-0.024621,0.020292,0.019248,-0.165816,0.048428,0.048205,0.029162,0.012672,0.111147,-0.106294,0.116286,0.018893,-0.026888,0.119213,0.095663,0.075216,-0.048082,0.045179,0.111697,0.072652,-0.057895,0.033219,0.022816,0.081551,0.005923,0.084044,-0.009456,0.019673,0.106221,0.010408,0.173033,-0.049430,0.078411,0.004508,0.011410,0.156948,0.148777,0.037275,0.173048,0.295705,0.017701,0.144854,0.138071,0.382209,0.317873,0.312605,0.396532,0.414184,0.603080,0.752947,0.792374,1.050050,1.217762,1.145424,1.208843,1.131758,1.193640,0.930298,0.682644,0.566150,0.500068,0.330241,0.366080,0.410464,0.170172,0.260122,0.185259,0.188985,0.104381,0.173753,0.044424,0.118357,0.077652,0.156162,0.046008,-0.031679,0.052972,0.000147,0.155726,0.103376,0.024223,0.171074,0.084521,0.028419,-0.147973,0.144044,0.080218,-0.000025,0.041561,-0.005231,-0.002045,0.025083,0.112551,0.079547,0.010823,-0.008381,0.013467,0.060133,0.022686
1,lorentzian,0.050307,-0.042103,-0.006871,-0.100611,0.140985,-0.081507,-0.078322,0.049852,0.064498,-0.042006,-0.082813,-0.183644,0.007547,-0.026823,-0.069198,0.051083,0.115494,0.051380,0.021857,0.124450,0.081798,0.064000,-0.024523,0.012085,0.099190,0.023956,0.117799,0.030497,0.081761,0.087736,0.074571,0.116172,0.251377,0.034601,0.173096,0.149948,0.262964,0.164431,0.119070,0.246318,0.270649,0.294328,0.384340,0.325865,0.504073,0.646959,0.710428,0.776351,1.021214,1.113817,1.166802,1.303409,1.232587,1.213867,1.053437,0.879532,0.609190,0.555989,0.428370,0.322431,0.304569,0.240140,0.501090,0.281242,0.307745,0.131532,0.122300,0.146687,0.205453,0.183194,0.046848,0.077218,0.075336,0.084908,0.052866,0.053707,0.087787,0.062707,-0.075528,-0.111504,-0.063317,-0.010603,-0.038319,0.074950,-0.077460,0.109916,0.140613,0.015499,-0.113745,0.062561,0.081953,-0.015029,0.026345,0.033741,0.137521,0.051560,-0.022871,-0.055381,-0.016288,0.063825,-0.010187
1,lorentzian,-0.051553,0.026705,-0.063663,0.077756,0.017314,0.078188,-0.024341,0.009923,0.064739,0.120101,0.099138,-0.005424,0.094905,-0.051333,0.078004,-0.045868,-0.078892,-0.005520,0.144079,0.011628,-0.068274,0.056988,0.020744,-0.006512,0.103106,0.021599,0.112041,0.034870,-0.067323,0.086439,-0.021297,0.227368,0.091093,0.311060,0.096185,0.188265,0.113782,0.023319,0.320389,0.209580,0.294689,0.357151,0.393144,0.441572,0.562079,0.513378,0.724042,0.836490,1.075723,1.228990,1.240090,1.389677,1.312134,1.225178,1.001158,0.919840,0.784327,0.580725,0.677119,0.318646,0.448906,0.319058,0.337765,0.338363,0.210382,0.124257,0.324256,0.154100,0.176587,0.153221,0.150704,0.138916,0.071875,0.043358,0.061738,0.010870,0.073356,0.088026,-0.040718,0.043740,0.088054,-0.003923,0.066281,0.122917,0.047595,0.012049,0.011390,0.019870,-0.076388,-0.014189,0.046406,0.099771,-0.076320,-0.065204,-0.033241,0.174178,0.159534,-0.057111,0.029195,-0.026030,-0.051239
0,gaussian,0.010631,-0.007008,0.013497,-0.006984,-0.018550,0.004618,0.014003,0.012266,0.009900,0.008005,-0.002610,-0.006064,-0.009755,0.013709,-0.015431,-0.001445,-0.005777,-0.022610,-0.021467,0.003073,0.010852,-0.013586,0.008588,-0.012915,-0.023015,-0.013863,0.001958,-0.024370,0.000222,0.003509,-0.011152,0.018484,0.004091,-0.007571,-0.013493,-0.026511,-0.007696,-0.003183,0.015978,-0.002179,-0.001566,-0.014179,0.008214,0.044618,0.161786,0.456491,0.969404,1.712465,2.410987,2.647269,2.324152,1.569485,0.880112,0.368231,0.123502,0.048533,-0.000427,0.022893,0.017889,-0.020809,-0.007285,0.001511,0.020028,-0.008143,0.001532,-0.019768,-0.024452,0.008536,-0.007787,-0.001753,-0.002321,-0.001833,0.017538,-0.004902,0.009197,0.017107,0.010160,-0.013635,0.007009,-0.009713,0.016675,0.018520,0.004661,0.022044,0.020714,0.016766,0.009218,-0.004953,-0.017207,0.004165,0.002184,0.010855,-0.002101,0.010450,0.024624,0.010567,0.000620,0.001754,-0.017331,-0.003342,-0.003824
1,lorentzian,0.034130,-0.026291,0.102661,0.044473,-0.042466,0.045025,-0.038280,-0.020125,-0.040486,-0.041346,-0.046519,0.050585,0.153403,-0.018147,0.085828,-0.031711,0.018170,0.166462,0.000040,0.112551,-0.005797,-0.052031,0.268645,0.066493,0.091760,-0.004692,0.022837,-0.007375,0.100470,0.134182,0.139568,0.142838,0.049777,0.130166,0.111963,0.090856,0.134692,0.084627,0.098999,0.096934,0.289117,0.295918,0.318286,0.386360,0.517262,0.532471,0.593730,0.567435,0.950284,0.987849,1.258092,1.085130,1.037782,0.955512,0.766333,0.567998,0.481821,0.308660,0.328363,0.270094,0.343819,0.150948,0.167697,0.071082,0.074232,0.090870,0.050617,0.174667,0.072639,0.150236,0.071294,-0.120807,0.045729,0.131558,0.095581,-0.022464,-0.013604,0.119689,0.054756,-0.004143,0.004635,0.007417,-0.016857,-0.020522,0.077580,-0.084601,-0.027271,-0.018866,-0.091365,0.092807,0.027598,0.110538,-0.135175,-0.053633,0.082624,0.013638,0.010160,-0.025218,0.004612,0.092270,0.012743
0,gaussian,-0.002314,0.014389,0.003227,-0.015840,-0.003496,0.018347,0.016650,0.017667,0.015317,0.010988,0.005543,0.001716,0.002523,-0.003336,-0.008071,0.011471,0.001832,0.019203,-0.014417,0.000607,0.003671,0.009226,-0.007815,-0.009002,-0.038439,-0.019262,-0.003792,0.005322,-0.024551,0.009809,-0.026133,0.002793,-0.029988,0.004621,-0.024469,0.004189,-0.016461,-0.014440,0.006767,0.020198,0.014878,0.004698,0.014550,0.016339,0.022585,0.096692,0.276797,0.728139,1.432956,2.188875,2.710416,2.565915,1.946128,1.152959,0.516878,0.186877,0.063685,0.002557,0.005349,-0.003495,0.016492,0.017019,0.007603,0.002771,-0.007392,0.011980,-0.009616,0.024050,-0.016292,0.015919,-0.008461,0.004159,-0.010711,-0.003620,-0.025339,-0.001450,0.014930,0.008118,0.013742,0.017651,-0.009211,0.009545,-0.000523,0.005385,-0.021284,0.018837,0.016201,0.004543,-0.001246,-0.007652,0.016169,0.030664,-0.000952,-0.000188,-0.012105,-0.011260,0.011408,-0.029705,0.004457,0.033852,-0.010116
0,gaussian,0.012578,0.025737,-0.011959,0.029655,-0.036941,-0.016914,-0.017082,0.000525,-0.000085,0.007769,-0.001576,0.003703,-0.012254,0.017932,0.017213,-0.012458,0.000591,-0.000193,0.000421,-0.008031,-0.018043,0.017984,0.002827,-0.009712,-0.006242,0.000215,0.006313,-0.016394,-0.005084,0.018999,-0.014394,0.011315,-0.024240,-0.001736,0.008245,-0.005704,0.004944,-0.002687,-0.004543,0.009871,0.034105,0.004422,0.072435,0.188403,0.502387,1.047658,1.794677,2.490644,2.761465,2.514398,1.790181,1.029800,0.537093,0.173464,0.049591,0.015177,0.015108,0.023199,0.010069,0.027534,-0.024698,-0.001188,0.037355,-0.006728,-0.036988,-0.023940,-0.011377,0.020277,0.023956,0.004893,0.006873,0.011573,-0.002249,-0.030749,-0.000832,-0.001836,-0.006975,-0.014101,0.026490,-0.009108,0.014970,0.014596,-0.013962,-0.009911,-0.003871,-0.000489,-0.004161,-0.003181,0.002639,-0.005902,-0.011013,-0.004020,0.002690,0.034010,0.004977,-0.008232,0.001954,0.018794,-0.005100,0.012706,-0.013306
0,gaussian,0.010733,0.039654,0.045406,0.004900,-0.027839,-0.000684,0.008014,-0.028459,-0.013588,0.019562,0.030140,-0.029865,0.006159,-0.003925,0.005548,-0.021325,0.010706,-0.006771,0.000677,-0.009686,-0.000293,-0.000853,-0.011507,-0.015255,0.009486,0.019549,0.002699,-0.006342,0.023150,0.030810,-0.005080,-0.006697,-0.061569,0.019569,-0.004211,-0.012327,0.016992,0.017158,0.016967,-0.008313,-0.009865,0.017727,0.061172,0.120693,0.410459,0.773943,1.418618,2.122197,2.722821,2.912762,2.642296,2.029530,1.286626,0.711528,0.323246,0.093734,0.040995,0.025963,0.013614,-0.018759,0.019451,-0.012174,-0.011907,0.008205,-0.005955,0.026073,0.003483,0.018420,-0.000522,0.003123,0.009349,-0.039897,-0.011095,-0.028227,-0.027521,0.014005,0.015340,0.002755,-0.006023,-0.001448,0.028250,-0.011087,0.007089,-0.000535,0.048878,0.014817,-0.003217,0.032526,-0.002837,-0.004151,-0.017448,-0.009747,-0.019054,0.038564,-0.006967,-0.005682,-0.008572,-0.019936,-0.012677,0.003162,-0.006542
0,gaussian,-0.001778,-0.002722,-0.022931,-0.010778,0.020731,0.030343,-0.035432,0.010393,0.023691,-0.022917,-0.003612,-0.019658,-0.012730,-0.001024,-0.009521,-0.002179,-0.003079,-0.005861,-0.004610,-0.000680,0.027203,-0.006149,0.014354,0.008364,0.008676,0.015165,0.001979,0.015726,0.002421,-0.018924,-0.024386,0.000798,0.016384,0.011931,0.011359,0.022053,0.007735,-0.014755,-0.013408,-0.019595,0.005526,-0.000151,0.020114,0.062019,0.159497,0.373386,0.856200,1.533048,2.312954,2.831165,2.884463,2.374291,1.620797,0.942423,0.454344,0.180524,0.056300,0.003199,-0.020756,0.010343,-0.019070,-0.023969,-0.002793,0.006252,-0.015563,0.011585,-0.003106,-0.003859,-0.006054,0.011038,0.007563,0.000830,-0.001688,0.013500,-0.007155,-0.011612,0.021433,0.003246,0.002258,0.012966,0.021512,-0.002084,-0.004723,0.004249,0.011144,0.024134,-0.013008,-0.004674,-0.005898,0.009516,0.021808,-0.006929,-0.004979,-0.029743,-0.017128,0.007537,0.003044,0.005989,0.001452,0.035859,0.024532
1,lorentzian,0.123610,-0.012591,0.238465,-0.156658,-0.125785,0.126743,0.139409,-0.003188,-0.065991,0.047223,0.185069,-0.190040,0.132741,0.259906,0.016752,-0.021772,0.121955,0.005985,0.049830,0.180029,0.051371,0.200660,0.112753,0.042399,-0.017877,0.008605,0.095828,0.232865,0.180299,0.161682,0.241633,0.165088,0.201241,0.253422,0.319143,0.422743,0.639204,0.623262,0.804358,0.848527,1.068775,1.312919,1.408837,1.301020,1.226890,1.146095,0.798113,0.750464,0.588716,0.423112,0.238152,0.398143,0.222911,0.195329,0.190625,0.147829,0.298606,0.122360,0.097347,-0.040460,0.065065,-0.155892,0.227808,-0.016226,0.065843,0.122462,0.102750,0.175818,-0.098388,0.129748,0.168313,-0.131603,0.016322,0.009310,-0.034240,-0.042880,-0.070261,-0.171786,0.003008,0.120662,0.141823,-0.147808,0.023868,-0.007242,0.060392,0.030057,0.028583,-0.049311,-0.058710,0.146917,0.014954,0.030383,0.023625,0.059315,0.048946,0.075179,0.167150,0.021155,0.080673,0.159470,0.059558
0,gaussian,0.022855,0.012686,0.014496,-0.012610,0.017809,0.004538,-0.006986,-0.012374,-0.001781,-0.030667,0.013334,-0.000331,-0.006644,-0.015199,-0.007659,0.014282,-0.023461,0.001865,-0.006364,0.000699,0.019839,0.008127,-0.010353,-0.008593,0.012113,0.002229,-0.034293,0.005628,0.009985,0.000399,-0.003988,0.004306,0.013663,0.046977,-0.007927,-0.002797,-0.025581,0.019789,0.005584,-0.009203,0.017129,-0.017648,0.023562,0.028507,0.114961,0.224920,0.455206,0.804919,1.299872,1.926378,2.493989,2.849809,2.930298,2.716343,2.218818,1.624901,1.043126,0.628857,0.300898,0.167231,0.057416,0.021362,0.004870,-0.027641,-0.021217,-0.017587,-0.007474,-0.000116,-0.006556,-0.004924,0.008346,0.014232,0.001354,-0.015206,-0.010336,0.013936,-0.023976,-0.018505,0.000465,0.005816,-0.005884,-0.003058,0.003173,-0.012268,-0.013712,0.016022,0.010781,0.007714,-0.017402,-0.003903,0.003679,-0.010283,0.006577,0.026554,-0.009649,-0.003155,-0.000185,-0.006722,0.002141,-0.005515,0.003822
0,gaussian,-0.015046,-0.016102,-0.009662,0.016075,-0.002383,0.016562,-0.031418,0.010609,0.025358,-0.006017,0.035188,-0.015138,-0.008467,-0.030337,-0.005543,-0.019023,0.030904,0.009014,0.023604,0.027949,-0.016794,-0.023247,0.025105,-0.013770,0.005762,-0.007060,0.001591,-0.006477,0.006574,-0.008413,0.013052,-0.011368,0.014179,-0.019869,-0.007160,-0.014796,0.004061,-0.008543,0.009599,0.005447,-0.008869,0.008625,0.048747,0.123782,0.293266,0.587503,1.013536,1.569826,2.086594,2.510447,2.580203,2.401192,1.927888,1.380488,0.866351,0.487520,0.202099,0.075618,0.023173,0.030689,0.044057,-0.007620,-0.014453,-0.014696,-0.000530,0.004870,-0.002837,-0.008851,0.008531,0.008324,-0.013650,-0.012213,0.011606,0.023209,-0.002534,0.010222,0.009348,-0.011458,-0.015110,-0.001909,-0.008315,0.010991,-0.023301,-0.005645,0.011909,-0.002445,-0.002346,-0.001165,-0.003542,-0.002983,0.001874,0.000226,-0.013569,0.019086,0.000878,0.006947,-0.015636,-0.028233,-0.003896,0.008973,-0.025920
0,gaussian,-0.003029,-0.003070,-0.007979,-0.010783,0.016057,-0.018429,0.009727,-0.017885,0.025054,0.016827,-0.018272,-0.009991,0.003158,-0.018379,0.000187,0.017669,0.014599,0.010550,-0.017006,0.021044,0.005657,0.001139,0.013077,0.020149,0.022241,0.012154,-0.001957,0.016574,0.007852,0.000821,-0.001782,-0.024617,0.005598,0.016411,-0.015161,0.024606,-0.009476,0.013613,-0.007424,0.019300,0.008011,0.020244,0.031592,-0.004370,0.050848,0.116978,0.279763,0.580560,1.046893,1.631106,2.208997,2.603913,2.636349,2.320812,1.773066,1.164872,0.661506,0.310576,0.111257,0.047713,0.017334,-0.005344,-0.017462,0.012499,0.001979,-0.012791,-0.004023,-0.004602,0.002545,-0.017119,0.000625,0.000124,-0.001835,0.009441,-0.000562,-0.016886,0.007623,-0.013673,-0.004069,0.007781,0.008679,-0.006295,0.005021,0.000181,0.002927,0.010681,-0.013946,0.013372,-0.023414,-0.018414,0.024132,0.002972,0.008692,0.000676,0.008061,-0.010805,-0.011625,-0.002099,-0.002448,-0.024019,-0.005059
1,lorentzian,0.010666,-0.059916,-0.042734,-0.003257,0.184650,0.172221,-0.035203,0.113871,-0.162351,-0.013313,0.077590,-0.047874,0.076413,0.094624,-0.010001,-0.098337,0.022722,0.036172,0.040511,0.038638,-0.024690,0.259088,0.064202,-0.083167,-0.033943,0.115450,0.077451,0.057660,-0.017153,0.210874,0.123780,0.087850,0.017877,0.232733,0.101866,0.119618,0.065179,0.107372,0.048135,0.093362,0.135237,0.088694,0.123754,0.278315,0.164035,0.209770,0.098254,0.397505,0.289347,0.448688,0.543003,0.627011,0.733784,0.909265,0.917348,1.266364,1.362722,1.096572,1.338813,1.064282,0.879246,0.831998,0.470722,0.348756,0.247077,0.382544,0.367140,0.204148,0.116826,0.126789,0.092060,0.160954,0.222081,-0.057055,0.075122,0.048843,0.105284,-0.082400,0.010200,-0.097221,-0.104485,-0.117172,0.155102,-0.069716,0.138119,-0.095307,0.042533,-0.032330,0.043938,0.138987,-0.015737,-0.052819,0.040763,0.190726,-0.041595,0.013102,-0.010083,0.097765,0.056898,-0.129942,-0.108996
0,gaussian,-0.020010,0.006751,0.005039,-0.019196,0.007580,-0.014289,-0.014805,0.021245,-0.013453,-0.026308,-0.006143,-0.004470,-0.000788,-0.011537,-0.004100,-0.007400,-0.005877,0.010690,0.001544,-0.000860,-0.006769,0.012663,-0.018393,-0.000574,0.023376,-0.010645,-0.000830,0.006336,0.023940,-0.010392,0.001375,0.010129,-0.028834,0.018022,0.005674,0.001872,-0.025760,-0.008881,0.026299,0.035216,0.051648,0.158631,0.301323,0.590848,1.036716,1.555878,2.143951,2.633141,2.883406,2.824145,2.447790,1.896548,1.339881,0.845177,0.464026,0.242729,0.114464,0.043934,0.019525,-0.000491,0.007157,-0.013301,0.021242,0.001322,0.008531,-0.013207,-0.015856,-0.009443,0.016926,-0.007058,0.008976,-0.002407,-0.001891,0.021416,0.008045,-0.014003,0.021204,0.019220,0.004929,-0.005585,0.011851,0.003921,0.001694,-0.013587,0.007611,-0.025883,0.010565,-0.009010,-0.008626,-0.009809,-0.018622,0.003825,-0.018028,0.003005,0.013399,0.007080,0.023101,0.004634,0.008578,-0.001001,-0.009685
1,lorentzian,0.073795,0.126565,0.121974,0.096025,0.046544,0.049597,0.085426,0.024166,0.080591,0.028877,-0.125204,-0.017734,0.116674,0.143931,0.145312,0.111074,-0.119193,0.200273,0.013302,0.014054,-0.029697,-0.090919,0.235208,0.006219,-0.084182,0.098925,0.124115,-0.025233,0.017648,0.028481,0.143502,0.211138,0.188875,0.182943,0.316641,0.353317,0.277522,0.332400,0.485415,0.607854,0.753919,0.980836,1.025866,1.237930,1.533434,1.491028,1.262532,1.202601,1.097960,0.827441,0.789986,0.631890,0.544355,0.374022,0.457958,0.415922,0.215225,0.226729,0.251904,0.156499,0.154984,0.145996,0.112446,0.007644,0.084606,0.042558,0.087886,-0.028654,0.158649,0.099038,0.025353,0.145319,0.030139,-0.041560,0.047191,-0.039017,-0.006789,-0.008713,0.056184,-0.023103,0.125644,0.196219,-0.001622,0.008502,0.077175,-0.017202,0.044008,-0.093447,0.035433,-0.140417,0.047194,0.170566,-0.009298,-0.018996,0.154895,0.138705,0.090392,-0.026018,0.041541,0.161027,0.066058
0,gaussian,-0.000081,0.012992,0.007015,-0.008229,-0.005817,0.001718,-0.001014,-0.005793,0.001182,-0.011238,-0.005332,0.013691,-0.003127,-0.001181,0.005833,-0.021815,0.018810,0.004578,0.021743,0.014109,0.004620,0.003650,-0.006732,0.008704,-0.011439,0.002470,-0.005866,0.000964,-0.006368,0.009349,-0.001210,-0.005252,0.011199,-0.008153,-0.000004,-0.008886,0.017604,-0.006833,-0.014100,0.013193,-0.013283,-0.008163,0.024569,0.010603,0.014604,0.064088,0.190895,0.499933,1.028155,1.706358,2.364646,2.711715,2.550662,1.963752,1.241263,0.669909,0.289243,0.104098,0.049484,0.008459,-0.001165,-0.002158,-0.008387,0.004627,0.018968,-0.025928,-0.016242,-0.012220,-0.007641,0.003808,0.004582,-0.004007,0.008790,0.002334,-0.006293,0.019912,0.021673,-0.009324,-0.015093,0.008457,0.003933,-0.000758,-0.022327,0.007338,0.022688,0.010449,-0.009671,-0.002552,0.008434,-0.001882,0.003661,-0.020165,0.016251,0.004907,-0.004502,-0.009446,0.001837,-0.001219,-0.016765,-0.005418,-0.010988
1,lorentzian,-0.119576,-0.001104,0.015125,0.190367,0.143183,-0.008653,-0.105059,0.110738,-0.071372,0.029251,-0.052233,0.093097,-0.135184,0.098186,0.133464,-0.204561,0.017639,0.046038,0.070772,0.046041,0.071045,0.123932,-0.149451,0.002629,0.003415,-0.086739,0.243212,-0.087231,0.084395,-0.045640,0.112700,0.033134,0.060455,0.107753,-0.006705,0.066802,0.026614,0.088165,0.190507,-0.061566,0.106796,0.072586,0.071510,0.102695,0.335193,0.267527,0.028004,0.093537,0.091768,0.200025,0.366667,0.437626,0.567532,0.765344,0.820135,1.041884,1.117606,1.114797,0.988412,0.861629,0.754965,0.730421,0.502195,0.482943,0.314361,0.343094,0.143654,0.213232,0.055128,0.097570,0.033576,0.197389,0.120221,0.231828,0.067900,0.145624,0.147889,0.035113,0.020488,0.065134,0.122923,0.007683,0.024526,0.000830,0.139578,-0.138615,-0.011534,-0.085283,-0.081406,-0.119810,-0.076605,0.073587,0.090937,0.119562,0.156337,-0.209002,0.049233,0.082777,0.121319,0.049742,0.023423
0,gaussian,-0.001338,-0.004681,0.006740,-0.013517,-0.005516,-0.007450,-0.010505,-0.002323,-0.000425,-0.018953,0.005013,0.021367,-0.011874,0.004183,0.010336,-0.004376,-0.012201,0.005801,-0.017018,0.003883,-0.011208,-0.012488,0.002907,-0.003209,-0.000062,-0.012680,-0.010673,-0.005910,0.004486,-0.008496,-0.010219,0.001781,-0.020145,-0.010990,0.001662,-0.005844,-0.026402,-0.003392,0.022146,-0.013751,0.018825,0.064007,0.172985,0.401273,0.793597,1.348409,1.992226,2.561304,2.825186,2.674462,2.208246,1.545154,0.930945,0.495147,0.214487,0.078403,0.032048,0.020910,0.004242,-0.009724,-0.011293,0.029061,0.008542,0.023317,0.017565,-0.005081,-0.011642,-0.012046,-0.004375,0.011215,0.003360,0.002598,0.009162,-0.002174,-0.005347,-0.000276,0.006745,-0.015096,0.014586,-0.014281,-0.006437,0.002259,0.005133,-0.000092,-0.017703,-0.014078,0.004008,-0.021285,-0.018033,0.022814,0.001883,-0.014629,-0.005002,-0.003974,-0.011642,0.005375,0.005891,-0.016900,0.016312,0.016592,-0.001785
0,gaussian,-0.016581,0.003510,-0.027042,0.014712,0.006931,0.003204,0.007102,0.008103,0.000615,0.008058,0.010795,0.000172,0.008082,0.024605,-0.007176,-0.007505,0.033735,0.005258,-0.008955,-0.004588,-0.021157,0.003020,0.002855,0.028952,0.010898,0.015388,0.000171,-0.006272,0.021138,0.019824,0.002161,-0.000059,-0.023520,-0.024775,-0.006943,-0.014885,0.005840,-0.005656,-0.016604,0.039251,0.006595,-0.016307,0.032963,0.014895,0.000429,0.046662,0.119269,0.323295,0.732045,1.358743,2.096072,2.613377,2.670771,2.245631,1.546308,0.863399,0.443196,0.165497,0.027795,0.044919,-0.006189,0.003330,-0.004993,0.018019,-0.004878,0.001023,-0.025637,0.007050,0.048758,0.008723,0.035714,0.057069,0.037527,-0.034814,-0.008477,0.001396,-0.011168,-0.014206,0.017205,0.019573,0.039072,-0.006348,0.002555,-0.003316,0.010505,-0.007545,0.006072,-0.031870,0.004213,-0.005691,-0.004720,-0.024346,-0.003223,0.022611,-0.026212,0.011858,0.028140,0.006726,-0.027279,0.002102,-0.040351
1,lorentzian,0.122539,-0.100033,-0.042723,-0.002151,0.230953,-0.031325,0.138775,0.085075,0.015037,-0.003479,0.054330,-0.031418,-0.049387,-0.026336,-0.027820,-0.065965,0.065330,0.021394,0.004496,0.066893,0.001706,-0.086115,0.018965,0.201607,0.010680,-0.039900,-0.001874,0.061032,0.128556,0.048892,0.084830,-0.155787,0.049834,0.009972,0.074007,0.130731,0.172700,0.209389,0.094286,0.002750,0.223140,0.153157,0.043981,0.214783,0.221030,0.194352,0.169472,0.342256,0.462961,0.445141,0.632366,0.703070,0.825524,0.956362,1.142771,1.074174,1.028977,0.787249,0.771433,0.784155,0.416989,0.508913,0.386983,0.320817,0.244251,0.064196,0.184407,0.086388,0.196264,0.238403,0.139057,0.058389,0.034280,0.128845,0.095096,0.153841,0.138468,0.029291,-0.081360,0.013073,0.207175,0.077044,0.081224,-0.013448,0.044934,0.052465,0.027639,0.075496,-0.013967,0.106053,0.041441,0.114963,0.090508,0.117682,0.133472,-0.016468,0.079527,-0.025927,0.065182,0.009096,-0.015469
0,gaussian,-0.000226,0.008298,-0.006861,0.013184,0.000680,-0.011495,-0.009266,0.007058,-0.013534,-0.012981,-0.007177,0.001928,0.002546,-0.006243,-0.014366,-0.003220,-0.001881,0.002956,0.000363,-0.001293,-0.002247,0.012676,-0.004210,0.000109,-0.003336,0.011874,-0.018135,-0.008999,0.018599,-0.003434,0.006899,0.008597,-0.001108,-0.001592,0.010848,-0.003907,0.010108,-0.014019,-0.007006,0.010254,-0.002844,0.029996,0.069955,0.151051,0.326723,0.699601,1.224595,1.786113,2.303752,2.491755,2.380483,1.949256,1.359087,0.830853,0.425956,0.222275,0.073252,0.025514,-0.007362,-0.015073,-0.022771,-0.011717,0.007092,0.008154,-0.006089,-0.000398,-0.009994,0.009284,-0.006964,0.004220,0.013161,-0.010673,-0.000664,-0.020612,-0.011035,0.007071,-0.015884,-0.008041,-0.004776,-0.001625,0.008185,0.019597,0.013962,0.008817,-0.012402,-0.016240,0.012246,-0.000054,0.011422,0.007603,0.011175,0.023087,-0.000721,0.002293,-0.006233,-0.014956,-0.003742,0.006929,0.008639,-0.003634,0.000349
0,gaussian,-0.032134,-0.000040,-0.008080,-0.004849,-0.005801,0.000769,-0.001297,-0.022809,-0.003463,-0.016687,-0.004615,0.012788,0.006544,-0.011863,-0.003917,-0.016536,-0.016508,0.007554,-0.012621,0.002536,0.014916,-0.000101,-0.010370,0.010522,0.008908,-0.039675,0.000050,0.007937,-0.021978,-0.011673,0.005306,-0.029841,-0.015222,-0.032856,-0.033820,0.014065,0.033062,-0.024911,0.007017,0.026175,-0.006251,-0.002435,0.006723,-0.015670,0.104927,0.200517,0.461234,0.970978,1.646981,2.255685,2.557653,2.359682,1.778875,1.101799,0.587262,0.257579,0.112136,0.012445,-0.005365,-0.029742,-0.012433,0.018814,0.024635,0.022198,0.012543,-0.004414,0.032436,0.003260,0.007768,-0.005229,-0.022130,0.018619,0.009521,-0.005193,-0.003225,0.016205,-0.023904,-0.011520,-0.040079,-0.030466,-0.007064,-0.013021,-0.014637,-0.021109,0.023427,0.032905,-0.004087,0.019834,0.000766,-0.018450,-0.006159,0.018559,0.022389,-0.012535,0.013229,-0.005198,-0.037181,0.000616,0.016475,-0.011275,0.001675
1,lorentzian,0.073390,0.043296,0.104117,0.046329,-0.012917,-0.004127,0.132259,0.105378,0.134614,0.085331,0.001594,0.006424,-0.036378,-0.011114,0.077199,-0.098574,0.018766,0.071124,0.079311,-0.025865,0.043003,-0.071443,-0.005777,0.127637,0.028583,0.186086,0.124418,0.143284,0.218195,0.168144,0.063180,0.251238,0.199517,0.232292,0.141038,0.181624,0.279938,0.374450,0.466290,0.576439,0.522433,0.666012,0.776855,0.870564,0.919304,1.210643,1.424132,1.481027,1.479161,1.486684,1.321724,1.148415,1.031055,0.813845,0.749437,0.558266,0.550558,0.419933,0.378554,0.352422,0.267524,0.222800,0.114734,0.179629,0.122321,0.195791,0.205029,0.110073,0.070295,0.054215,0.116813,0.229125,0.083371,0.003794,0.020912,0.026984,0.087631,0.132046,0.016417,0.005931,0.009448,0.020197,0.016459,0.069335,0.047377,0.048870,0.018318,-0.037058,-0.015544,-0.009814,0.031379,0.039938,0.108475,0.013985,0.079603,0.048817,-0.009445,-0.117910,0.001918,0.001663,-0.039293
0,gaussian,0.009465,-0.014186,0.024497,-0.027529,-0.012576,0.009261,0.029289,0.018754,0.021804,0.003278,-0.034523,0.015374,0.003425,-0.006642,-0.006066,-0.007165,0.004841,0.003426,-0.002284,-0.029977,0.008975,0.004714,-0.011150,0.012736,-0.003784,-0.002045,-0.001964,-0.022932,-0.004202,-0.013572,-0.026776,0.020914,-0.013918,-0.001315,0.019817,0.015021,0.011340,-0.004111,-0.007640,-0.017436,0.014550,0.005712,-0.006009,0.013708,0.026686,0.069233,0.195549,0.483080,0.952584,1.613834,2.211272,2.537702,2.419280,1.990873,1.344071,0.747693,0.367250,0.104791,0.055904,0.001641,0.019054,0.021274,0.000510,0.019744,0.009050,0.023123,-0.001198,-0.013003,0.002410,-0.003263,-0.025838,-0.004927,0.027526,0.002431,-0.010900,0.006360,-0.006526,-0.012754,0.018569,0.023858,-0.025674,0.016451,-0.001632,0.037355,-0.020540,0.013815,-0.008037,0.011528,-0.017422,0.020246,-0.002940,-0.004847,-0.002237,-0.001248,0.020953,-0.015485,-0.028204,0.015883,-0.012694,-0.012063,-0.027124
0,gaussian,0.016166,-0.014396,0.006384,0.005313,0.003737,0.006476,-0.007651,-0.002956,-0.005548,0.011475,0.013934,-0.005943,0.001036,-0.009306,-0.005526,-0.008891,-0.001324,-0.003588,0.007820,0.005453,-0.009723,0.006533,-0.000277,0.001201,0.017507,0.000210,0.012513,0.010358,0.007443,-0.008087,0.001993,-0.007635,-0.016248,-0.004549,0.024065,0.015343,-0.013025,0.001812,-0.009075,0.003079,-0.000098,-0.011068,0.002850,0.002731,0.011316,0.053973,0.155582,0.404427,0.855224,1.481881,2.150861,2.594472,2.637262,2.222443,1.553055,0.904632,0.428418,0.174186,0.043872,0.016142,0.003956,-0.008000,0.001458,-0.005648,-0.003688,0.018959,-0.001845,-0.004342,-0.009763,-0.008981,-0.006983,-0.006642,-0.010351,0.005429,0.021811,-0.002633,-0.005266,-0.014414,-0.006467,-0.006408,0.014253,-0.012151,-0.001471,0.011282,0.006014,0.010390,-0.006888,0.008747,-0.012628,0.002677,0.004292,-0.004605,0.004691,-0.007757,-0.014109,-0.003272,0.000548,-0.012898,-0.004067,-0.010503,-0.016627
0,gaussian,0.006991,0.002401,0.009898,-0.006961,0.032862,0.007116,0.003512,0.012773,-0.022988,0.023094,-0.009079,-0.020931,0.026797,-0.010042,-0.017124,-0.017150,-0.034338,-0.018650,-0.023943,-0.022051,-0.015130,0.013891,-0.005627,0.001658,0.011232,-0.002206,-0.004314,0.029684,-0.025150,-0.015607,0.008437,-0.019047,0.019493,0.015368,0.003214,0.011795,-0.018276,0.012391,0.006028,0.006537,-0.002394,0.027497,-0.019482,0.023009,0.097718,0.333566,0.827243,1.573118,2.404026,2.906944,2.868019,2.167850,1.355326,0.720691,0.276824,0.062914,0.034208,-0.034313,0.012474,-0.027315,-0.000962,-0.017574,-0.004770,-0.000307,-0.010088,-0.000209,-0.000940,0.024759,0.006778,0.006576,0.001356,0.014561,0.001105,0.017250,-0.002628,-0.006351,-0.003654,0.013358,-0.009774,0.018734,0.030306,-0.049449,0.017714,0.024950,-0.014298,-0.027746,-0.002921,0.043545,-0.000512,0.005661,0.005584,-0.008993,0.023640,0.009914,0.006396,0.015216,0.039977,-0.000963,-0.000860,0.006386,0.007146
1,lorentzian,0.060570,0.036832,0.156935,-0.077363,-0.033924,0.061355,-0.034518,-0.036699,0.133051,0.015719,-0.017362,0.158017,-0.072379,0.022078,-0.020400,0.071041,0.094297,-0.054952,0.070676,0.249990,0.015463,0.056116,-0.032787,0.124912,0.016756,0.159079,0.159966,0.236850,0.098663,0.282103,0.197291,0.292962,0.447139,0.253296,0.326818,0.483065,0.806201,0.766107,0.979236,1.071300,1.198108,1.431332,1.519447,1.521329,1.220609,1.354398,0.922602,0.913109,0.775155,0.580550,0.580621,0.288874,0.301706,0.240017,0.269124,0.325566,0.379793,0.168443,0.203395,0.029688,0.121972,-0.005348,0.147811,0.033297,0.216721,-0.019615,0.001355,0.135733,-0.164893,0.034455,-0.037016,0.001647,0.009662,0.133204,-0.019761,0.171254,0.041489,-0.168704,0.080534,0.064412,0.031608,0.041207,0.018432,0.072092,0.154032,0.068474,-0.038570,0.110030,-0.006247,0.069597,0.096690,-0.056627,0.029990,0.052815,-0.091549,-0.098609,0.080628,0.021325,-0.083710,0.110248,-0.069792
1,lorentzian,-0.002913,0.092405,0.065300,0.030195,0.060271,0.033920,0.073129,0.090417,-0.025223,-0.034645,0.074358,-0.018557,-0.007225,-0.073750,0.044436,0.045183,-0.030303,0.107186,-0.002463,-0.042839,0.035537,0.114734,0.076475,0.094988,0.104878,0.046205,0.070120,0.016177,0.037667,0.107199,0.093190,0.111964,0.094305,0.078462,0.214046,0.201569,0.155542,0.326901,0.272245,0.299941,0.461311,0.496867,0.588234,0.834776,1.012840,1.006536,0.914120,0.865168,0.730356,0.603909,0.520672,0.506266,0.316310,0.340575,0.265727,0.244636,0.276512,0.099784,0.132429,0.068792,0.151372,0.134676,0.066152,0.005053,0.023638,0.149822,-0.005315,0.020877,0.030829,-0.030919,0.148383,-0.041381,0.029586,0.000716,-0.010737,-0.095496,-0.014856,0.049870,-0.009152,0.188371,0.048624,-0.104827,0.014610,0.020559,0.041209,-0.052499,-0.057350,0.017897,0.013384,0.014605,-0.052069,-0.022207,-0.095540,-0.109786,0.095526,0.015689,0.095796,-0.063230,0.129104,-0.042136,0.050813
0,gaussian,0.015926,0.003327,-0.015964,-0.008307,-0.003798,0.020596,-0.056801,-0.007758,-0.025135,-0.014470,-0.031351,0.015070,-0.009262,-0.009430,-0.011158,0.007008,0.007732,-0.003436,0.012201,0.020112,-0.024052,-0.023603,0.057824,-0.023169,-0.010146,0.009752,-0.014684,-0.025560,-0.001652,0.005769,-0.026519,-0.001416,0.013064,-0.011706,-0.013340,-0.018627,-0.003487,-0.049921,-0.006161,-0.005357,-0.002233,-0.015997,0.049527,0.035139,0.081254,0.154087,0.362772,0.687877,1.165512,1.780790,2.353720,2.711017,2.817306,2.544012,2.045777,1.435708,0.895057,0.476554,0.230058,0.089940,0.022186,-0.006673,-0.019911,-0.008026,-0.005571,-0.010466,0.001902,-0.015165,0.000085,0.040252,0.000406,-0.004926,0.014463,0.019882,0.007148,-0.005398,0.002411,0.007736,0.014638,0.003870,0.016613,0.004028,-0.041147,-0.002986,-0.013388,0.010958,0.010908,-0.006577,0.030917,-0.029655,-0.033919,0.018114,0.011333,0.014466,-0.049942,0.034687,0.004445,-0.015837,-0.004990,-0.010182,0.013422
0,gaussian,-0.035027,0.018211,0.000586,-0.010319,0.000001,-0.019797,0.004776,-0.027030,-0.024680,0.004344,-0.001661,-0.014171,0.011769,0.017667,-0.002322,0.018220,-0.000943,0.000132,0.003450,0.016593,0.011472,0.005345,0.008886,-0.009003,0.019483,0.013606,-0.001509,0.007020,-0.001564,-0.032569,0.006086,-0.030017,-0.016284,-0.012756,-0.016522,0.021537,0.037356,-0.015002,-0.003719,-0.014659,0.011260,-0.019293,0.033378,0.079293,0.241589,0.568329,1.097861,1.759955,2.510051,2.855004,2.717972,2.159663,1.460138,0.771835,0.379690,0.158794,0.043500,0.016643,-0.015024,-0.008254,0.004007,0.004963,0.008138,-0.011493,-0.007850,0.004716,0.039803,-0.006294,-0.009949,0.004637,-0.030927,0.008498,0.031408,-0.032533,-0.003261,-0.016706,-0.005818,-0.008276,-0.023350,-0.008258,0.023522,-0.009540,-0.012996,0.027406,0.008075,-0.003572,0.000469,0.034227,-0.017972,-0.024592,0.004486,-0.004809,0.028355,0.008279,-0.009936,0.004183,0.018439,0.009567,-0.021518,0.021546,0.015164
0,gaussian,0.031863,0.007394,0.010688,0.005931,0.007664,-0.003759,-0.009983,0.007133,-0.023756,0.008712,0.006225,-0.006933,0.002221,-0.008933,-0.010985,0.011242,0.002246,0.023292,0.030675,0.008046,0.003563,0.019937,-0.020083,-0.013644,-0.001587,0.004597,0.001965,0.002172,0.009508,0.000859,0.007519,0.003880,-0.005851,-0.008876,-0.011105,0.005706,-0.001375,0.022386,0.002804,0.023513,-0.011582,0.003216,-0.007598,0.029107,0.126861,0.352839,0.858282,1.636252,2.445457,2.810339,2.561044,1.832443,1.029957,0.445381,0.161577,0.053796,-0.002095,0.023383,-0.013158,0.007205,0.004546,0.024531,-0.004432,0.002711,0.008019,0.012185,-0.000367,0.022835,-0.011832,-0.008732,0.002203,-0.008626,-0.016279,0.017451,0.011317,-0.025204,0.011684,0.014034,-0.012322,0.015217,-0.017274,-0.005816,-0.001913,0.005719,0.004620,0.002607,-0.010067,0.018151,0.007843,-0.006336,-0.006693,0.016566,0.007555,-0.010654,-0.004604,0.012104,-0.023220,-0.010204,0.008484,-0.014397,0.018914
0,gaussian,0.012910,-0.020843,0.019764,0.008807,0.008899,-0.000424,-0.005860,-0.004742,0.021313,0.026362,0.016193,-0.008652,0.006852,0.030706,0.003671,0.015502,-0.003400,-0.009235,-0.009862,-0.001285,-0.001549,0.000572,0.017687,-0.006303,-0.004582,0.010716,-0.009415,-0.006095,-0.013118,0.009384,0.003572,0.012537,-0.000186,-0.002571,0.008930,-0.024802,-0.005881,0.019011,-0.006553,-0.003736,0.023097,0.002132,0.063038,0.128555,0.334082,0.666844,1.165097,1.793543,2.394755,2.751963,2.759665,2.387650,1.754000,1.153324,0.630493,0.323982,0.112501,0.035058,-0.005602,-0.003592,-0.003859,0.012950,0.021143,-0.003767,0.007822,0.004306,0.012365,0.006635,0.009883,0.021347,0.009300,0.011203,-0.027815,0.028477,-0.006341,-0.015620,0.004501,-0.006452,-0.016267,-0.015960,-0.006451,-0.018454,-0.008530,0.016717,0.019423,0.001372,-0.001886,-0.000220,0.026634,0.003243,0.026244,-0.006384,0.006176,0.000342,0.012502,-0.011426,-0.031952,-0.014779,0.005997,-0.017850,0.002302
1,lorentzian,-0.029271,0.122174,0.057367,0.064855,-0.026128,0.113286,0.011445,0.049408,-0.043995,0.032223,0.017159,0.063595,-0.005903,-0.134084,0.002003,0.104408,-0.017775,-0.013157,-0.022956,-0.014580,-0.022516,-0.045297,-0.016579,0.060998,0.069565,0.104875,-0.015241,0.132934,-0.036628,0.096406,0.043800,0.092820,0.288436,0.152806,0.181727,0.111534,0.200656,0.234539,0.210685,0.342049,0.416883,0.378649,0.601324,0.600367,0.872826,0.892243,1.099330,1.130181,1.212694,1.141809,1.105080,0.962757,0.800832,0.683817,0.582831,0.510648,0.444437,0.368132,0.243390,0.319247,0.194512,0.241763,0.159419,0.207811,0.019115,0.145089,0.072655,0.148977,-0.126585,0.243804,-0.089029,0.076430,0.094666,0.160942,0.036294,-0.018704,0.063669,-0.010468,-0.035574,0.005179,0.123010,-0.037037,-0.014022,0.050613,0.030397,0.132783,-0.137756,0.056417,0.020047,-0.043637,0.101800,-0.049107,0.029232,0.141674,-0.001500,0.095284,-0.095942,0.165049,-0.008218,0.081867,-0.013820
1,lorentzian,-0.079592,0.096784,0.036896,-0.113764,-0.034898,0.154005,-0.189904,-0.020557,0.123239,-0.056232,-0.039649,0.010458,0.145246,-0.033831,-0.016441,-0.014636,0.209447,0.208970,0.110292,0.059422,0.090510,0.155687,-0.047613,0.132569,-0.070693,-0.016498,0.116346,-0.078376,0.033307,-0.024527,0.030131,-0.180834,-0.089807,0.005490,0.148310,0.061341,0.083086,0.148758,0.025225,0.133702,0.053543,-0.010598,0.118444,0.218960,0.221709,0.219203,0.454989,0.327568,0.424082,0.590443,0.366084,0.478648,0.824128,0.739547,0.954121,1.186412,1.289290,1.422278,1.382650,1.257302,0.968085,0.953361,0.773419,0.513242,0.643398,0.508777,0.377024,0.298833,0.172813,0.254452,0.247115,0.112358,0.259808,0.051295,-0.050379,0.203924,0.070949,0.084771,0.016298,-0.055953,0.179262,0.009321,0.202718,0.126068,0.027217,-0.041583,-0.015033,-0.058575,0.217424,0.052543,0.133549,-0.072728,0.047716,0.130170,0.000769,0.114676,-0.065410,-0.090246,0.055785,-0.009395,0.075838
1,lorentzian,0.022190,-0.089001,0.179675,-0.089626,-0.070830,-0.048156,0.098882,0.054703,0.091625,0.125476,-0.013292,-0.077023,0.064269,0.090454,0.150166,-0.013672,-0.092523,-0.067068,-0.084462,-0.074705,0.030220,-0.073274,0.009653,-0.057636,0.108812,0.173047,-0.021343,0.116631,0.000263,0.111592,0.027872,0.233431,0.310666,0.204498,0.226765,0.207429,0.121090,0.249296,0.251498,0.331674,0.571500,0.545010,0.628477,0.805175,0.788402,0.886613,1.269401,1.358449,1.303601,1.288897,1.499113,1.237885,0.826594,0.665646,0.912626,0.712724,0.494419,0.525653,0.399746,0.500651,0.366341,0.175425,0.264678,0.126614,0.094553,0.114452,0.094240,-0.045526,-0.070595,0.070257,0.289402,-0.033092,0.068113,0.119035,-0.063771,0.112512,0.044563,0.133051,0.180653,0.154177,-0.027390,-0.119959,-0.051020,0.099873,-0.002303,0.112942,0.046829,-0.154672,0.050050,0.059187,-0.108517,0.087426,0.103109,-0.029288,0.276755,0.001005,0.266426,-0.080874,0.018839,-0.067869,-0.036434
0,gaussian,-0.023951,-0.005876,-0.010208,0.013771,-0.008085,-0.015419,-0.009327,-0.013336,0.009238,-0.003523,-0.003955,-0.004721,-0.023047,-0.009846,0.005238,-0.007171,0.022223,0.019500,0.016443,0.011386,-0.016399,-0.004754,-0.006953,-0.013365,0.007357,0.002292,-0.005372,-0.003002,-0.002440,0.007775,-0.002590,0.002229,0.014261,-0.003254,0.007454,-0.014224,-0.017475,-0.000146,-0.002707,0.004897,0.006967,0.006623,0.017465,0.024963,0.089217,0.218724,0.501871,0.946681,1.488407,2.092637,2.471797,2.492725,2.193772,1.656695,1.095913,0.598424,0.284571,0.105014,0.061790,-0.006823,-0.001897,-0.002905,0.006673,-0.027902,0.006846,-0.005598,0.011280,0.002840,-0.007846,0.005493,0.011963,0.000174,-0.021470,-0.004893,-0.010547,-0.015347,0.003568,0.025281,-0.013557,0.020776,-0.020002,0.013820,0.015640,-0.012073,0.002054,0.004766,-0.007917,-0.021655,0.001531,0.000012,0.026353,-0.019927,-0.004934,-0.001962,0.025724,0.004789,-0.015167,0.014230,-0.019656,0.011016,-0.011215
1,lorentzian,-0.043306,0.074838,0.009065,-0.100348,0.112858,-0.101750,0.070809,0.060026,0.036173,0.072652,-0.067134,-0.058765,-0.089012,-0.094593,0.084921,0.298286,-0.033285,-0.037328,-0.169061,-0.052632,0.044390,0.116947,0.165882,0.005403,0.001190,0.060759,-0.077188,0.159653,0.087654,0.190733,0.205376,0.266920,0.218997,0.036408,0.034560,0.231767,0.240115,0.178315,0.318343,0.403911,0.615484,0.672768,0.780495,1.076781,0.894267,1.014183,0.853472,1.128676,0.694172,0.675016,0.572139,0.618438,0.737658,0.580941,0.541098,0.406910,0.401029,0.104235,0.152527,0.140823,-0.001065,0.073727,-0.077798,0.018410,0.004417,0.057107,-0.014999,0.042855,0.119793,0.213143,0.038161,0.072513,0.029025,0.083043,0.002096,0.115781,0.076992,-0.100800,0.233156,0.035924,0.148729,0.221976,-0.115178,0.149706,-0.022628,0.118446,0.079346,0.026889,-0.087196,-0.161580,0.048065,0.053021,0.054584,0.089071,0.140225,0.147254,-0.051944,-0.222804,-0.102939,0.176109,0.127238
1,lorentzian,0.120097,0.016858,-0.026951,-0.028565,-0.046392,0.035170,0.106210,0.097118,0.161033,-0.105552,0.052111,-0.093061,0.117205,0.068638,0.017422,-0.053648,0.081127,0.109376,-0.038577,0.113172,0.073016,0.024948,0.133321,-0.026034,0.115145,0.181257,0.069483,0.151810,0.065068,0.196675,0.165437,0.232400,0.277680,0.387495,0.353862,0.565478,0.537594,0.614868,0.756008,0.846956,1.265001,1.290256,1.448984,1.541336,1.362720,1.088801,0.987422,0.976020,0.671563,0.566661,0.498764,0.304277,0.431962,0.489768,0.289220,0.129143,0.287118,0.235287,0.114606,0.177031,0.109421,0.144678,0.180557,0.024168,-0.072607,0.189211,0.237822,-0.020277,-0.082764,0.235711,-0.018791,0.079121,0.152797,0.073804,0.024800,0.089388,0.064818,-0.071235,0.020593,-0.013022,0.101774,0.118217,0.054849,0.041406,0.010775,-0.076380,0.122276,-0.039000,-0.092665,0.073924,0.036723,0.045950,0.121837,0.074623,-0.008148,0.037626,0.179742,-0.058080,-0.021353,0.062658,-0.091068
1,lorentzian,0.124353,0.122914,0.452045,-0.039793,-0.013908,0.119982,0.103702,0.126657,0.033729,0.140233,0.062034,-0.040395,0.050476,0.138119,0.165104,0.036301,-0.105248,0.073652,0.104301,0.253925,0.198670,-0.048084,0.098955,0.106940,0.234592,0.140966,-0.053687,0.184233,0.037570,0.108800,0.116094,0.189139,0.192527,0.242769,0.422893,0.464485,0.343527,0.550494,0.733822,0.712201,0.707326,1.071062,1.061401,1.281632,1.483938,1.403425,1.125897,0.845183,0.922674,0.821358,0.547148,0.636259,0.434530,0.234671,0.349446,0.124487,0.321012,0.057893,0.166584,0.065103,0.102590,0.195513,0.034961,0.104752,0.078309,0.272836,0.238517,0.024919,0.055719,0.112667,0.075757,0.027681,0.051509,-0.026488,0.139352,0.048339,0.066090,-0.018184,0.028118,-0.065403,-0.021898,0.024429,0.140353,0.041247,-0.023085,-0.011094,0.007215,0.162523,-0.007534,0.069694,0.022866,-0.032000,0.054104,0.012635,0.011475,-0.093492,0.049099,0.163101,-0.013259,-0.114462,0.060589
0,gaussian,0.004934,-0.011955,0.021068,-0.023240,0.017519,0.017233,0.001954,0.006478,-0.013038,0.000408,-0.022804,-0.012246,-0.003358,-0.039506,0.000704,-0.005660,-0.002445,-0.011185,0.016056,-0.011032,-0.022037,0.026937,-0.024946,-0.000886,0.003649,0.023695,0.023518,-0.018672,0.008072,-0.012669,0.001572,-0.007234,-0.009738,-0.011507,0.023502,-0.011087,0.003186,0.002370,-0.010223,0.008744,-0.005324,0.015470,0.013522,0.055048,0.116756,0.233994,0.483633,0.867360,1.373615,1.919640,2.416834,2.718077,2.693968,2.406523,1.884451,1.327919,0.823492,0.441990,0.224930,0.126521,0.039132,0.010226,0.015632,0.012809,-0.033532,-0.006098,-0.006862,-0.034814,0.008296,-0.006040,-0.023236,0.007156,-0.003782,-0.004104,-0.017391,-0.010273,0.018836,-0.006700,0.000957,-0.022935,0.015746,0.012774,0.024546,-0.003771,0.010522,-0.016712,0.016703,0.019192,0.014871,0.017285,0.003706,-0.007276,-0.027867,-0.000058,-0.017413,0.029008,0.009686,-0.017469,-0.021516,-0.007865,-0.002951
1,lorentzian,0.064786,0.033648,0.049486,-0.072864,0.008185,-0.109730,0.079271,-0.176649,0.085627,0.069035,0.139699,0.019097,0.145460,-0.026647,0.168805,-0.031409,0.026962,0.013774,-0.047650,0.072910,-0.031515,-0.086249,0.082751,0.065279,0.055912,0.098154,0.143515,-0.018671,0.000392,0.082548,0.036803,0.251273,0.062968,0.168504,0.067261,0.178595,0.170961,0.215285,0.229111,0.150490,0.264147,0.341572,0.456486,0.505851,0.639077,0.705511,0.980894,1.054976,1.093344,0.933133,0.937969,0.771586,0.786508,0.809600,0.487212,0.449090,0.469409,0.245496,0.298710,0.283959,0.285118,0.202704,0.212688,0.184685,-0.036053,0.042468,0.302113,0.031804,0.185394,0.033812,0.070565,-0.014960,-0.023325,0.046320,0.115143,-0.004173,0.010854,0.092896,0.031646,0.042218,-0.041677,0.220737,0.097556,-0.066224,0.134432,0.110515,-0.045089,0.125239,-0.131026,0.065680,-0.019216,-0.203047,-0.018133,-0.124724,0.113512,0.061095,0.045396,-0.015029,0.058272,-0.035428,-0.180231
0,gaussian,-0.006628,-0.018379,-0.006839,0.007534,-0.006951,0.009016,0.018123,-0.014855,0.003360,-0.013333,-0.004972,0.021750,-0.010970,-0.020969,-0.026261,0.008580,-0.001116,-0.002935,0.017883,-0.022814,-0.002474,0.004226,-0.005753,0.010367,-0.010457,-0.008754,-0.000810,-0.017389,0.013727,0.011805,0.017175,-0.016753,0.000653,0.009873,0.024217,-0.030112,-0.005445,0.022851,0.015544,0.016534,0.002468,0.017468,0.001560,-0.010047,0.023653,0.029483,0.163518,0.453445,1.006825,1.763277,2.511895,2.927516,2.764771,2.125595,1.315020,0.672278,0.251295,0.080874,0.035636,-0.002729,0.001570,0.002846,-0.013285,0.016192,-0.004113,0.018744,0.006610,-0.010471,0.008976,0.008631,-0.006805,0.006012,0.004577,0.005710,0.003620,0.023930,0.016624,0.012484,0.029909,0.006401,0.004076,-0.007151,-0.002945,0.000635,0.010406,0.017874,0.004040,-0.000852,-0.009080,-0.013810,0.018192,-0.001678,-0.006087,-0.005198,0.012559,0.009453,0.018600,-0.008616,0.000451,-0.025981,0.020262
0,gaussian,0.018541,-0.010995,-0.020892,-0.011271,0.002131,-0.003437,-0.003481,0.003747,-0.023958,0.028686,0.006524,-0.006616,0.005280,-0.000619,0.008375,0.032014,-0.000620,0.030035,0.005672,0.013216,0.004463,0.005207,-0.001809,0.017209,0.009617,-0.005077,0.003677,0.035763,0.001580,-0.016248,0.001114,-0.002816,0.025863,0.008817,-0.033555,0.000645,-0.012013,-0.013166,0.004688,0.036571,-0.016801,-0.010477,0.057457,0.107623,0.252072,0.466485,0.866190,1.403156,2.018377,2.466045,2.679121,2.518310,2.068138,1.468768,0.929272,0.492655,0.241023,0.080888,0.052292,0.002081,-0.000435,-0.006480,-0.025744,0.000467,-0.004938,-0.009263,0.008425,-0.010604,0.014595,0.037378,-0.006702,-0.016229,-0.014302,0.012080,-0.015501,-0.005730,-0.000321,-0.003517,0.008471,0.015036,-0.003957,-0.008302,-0.007325,0.003513,0.015096,-0.000087,-0.011529,-0.000981,-0.012877,-0.013201,0.032035,-0.022107,0.019359,0.014957,-0.010210,-0.032924,0.014002,-0.008173,0.019765,0.031289,-0.023763
0,gaussian,0.001517,0.008484,0.007268,0.002348,0.002700,-0.013859,0.028624,0.004481,0.004767,0.014404,0.009742,0.003021,-0.003160,0.011264,0.017467,0.013712,-0.033499,-0.004985,-0.011148,0.014472,-0.002917,0.015056,0.008251,-0.029301,-0.007837,0.030751,-0.003813,-0.002347,-0.003638,0.018556,-0.012815,0.006626,-0.025086,-0.009257,-0.014198,-0.003619,-0.004028,-0.002210,0.011126,-0.006480,0.016627,0.034701,0.020326,0.089770,0.192250,0.382683,0.731516,1.155310,1.699578,2.281086,2.650818,2.759206,2.548858,2.171077,1.602966,1.065478,0.632220,0.342529,0.163844,0.047243,0.020005,0.009269,-0.011733,-0.000286,0.001099,-0.012389,0.008906,-0.020618,0.007182,0.002330,0.007916,0.017126,0.005577,0.022959,-0.000606,-0.003499,0.013500,0.009607,-0.008957,-0.004111,0.004731,-0.022620,0.023186,0.010816,0.006239,0.018446,0.020478,-0.009251,-0.003232,0.017931,0.000066,-0.009874,-0.001369,0.012949,-0.003201,-0.011842,0.010737,0.013561,0.007425,0.002559,0.021431
1,lorentzian,-0.016823,0.058181,0.088377,-0.012464,0.121225,0.055475,0.113561,-0.132156,0.120830,0.155539,0.033062,0.077372,0.055071,0.096646,0.105165,0.050076,0.014285,0.072913,-0.015040,0.105540,0.086899,0.131124,0.093665,0.124590,0.019285,0.222060,0.131128,0.176630,0.227163,0.209293,0.219617,0.217849,0.294815,0.364117,0.387545,0.470644,0.520784,0.614350,0.735064,0.873583,0.965654,1.171097,1.326047,1.377328,1.387365,1.139656,1.124050,0.861815,0.789505,0.671930,0.495336,0.459222,0.293809,0.422018,0.350866,0.301412,0.238314,0.252248,0.250519,0.143391,0.117648,0.150887,0.142517,0.127765,0.205843,0.236590,0.076904,0.010830,0.135970,0.090810,-0.049084,0.083429,0.104625,0.045264,0.116891,0.082207,0.074309,0.151987,-0.044875,0.043949,-0.006804,-0.010759,0.055873,0.020393,0.001330,0.061268,-0.010780,0.000749,-0.064163,-0.076746,0.008534,0.099358,0.042096,0.058915,-0.022409,-0.056707,0.001544,0.023237,-0.036741,-0.029581,0.120440
0,gaussian,-0.013752,0.007868,0.014614,-0.006788,-0.003518,-0.021431,-0.003598,0.012532,-0.008310,-0.003525,0.009109,0.027149,-0.006117,0.009116,0.013361,-0.002074,0.011929,0.013260,0.009123,-0.024931,0.011397,0.012199,0.003586,0.000369,-0.028988,0.001786,-0.009032,-0.032105,0.005582,-0.008977,-0.015112,0.003772,-0.007186,0.006143,-0.011420,0.011591,-0.007213,0.004907,-0.005727,0.015002,-0.016226,0.007464,0.031044,0.128490,0.365126,0.801098,1.421686,2.070543,2.487607,2.421970,1.878271,1.202752,0.632773,0.268023,0.084503,0.009367,0.027480,0.003439,-0.008743,0.004408,0.026589,0.000082,-0.020340,-0.000923,0.003018,-0.033300,0.035820,0.007735,0.004490,0.009132,0.022535,-0.005848,0.004168,0.008433,0.001150,-0.001561,-0.016910,0.012018,0.000080,-0.011293,0.006621,-0.020050,0.026563,0.016684,0.013785,0.013934,0.012877,-0.021025,-0.006767,-0.011649,-0.015049,0.006587,0.020015,0.012203,0.008474,0.016130,0.002058,0.000122,-0.002315,0.004955,0.017523
1,lorentzian,0.015650,0.088216,0.004031,-0.035914,-0.056324,0.057146,0.024453,-0.007752,0.010559,0.022312,0.023051,-0.012289,-0.036430,0.076160,-0.176874,-0.008089,-0.000549,0.231798,-0.083715,0.110683,0.045968,-0.000075,0.064329,0.170453,0.050424,0.042277,0.001844,0.087527,0.010522,-0.032278,-0.113956,0.063025,-0.137811,0.103779,0.073414,-0.106520,0.045282,-0.124500,0.181437,0.251847,0.185429,0.393499,-0.024195,0.073271,0.255170,0.188454,0.279722,0.468259,0.396203,0.563830,0.555052,0.584769,1.039741,1.169793,1.200951,1.404652,1.275574,1.190600,1.190580,1.015517,0.646056,0.710761,0.559074,0.407061,0.319026,0.303106,0.450228,0.229612,0.158412,0.388610,0.134767,0.107693,0.069731,0.094255,0.203410,0.222016,0.204784,0.104610,-0.142429,0.158316,0.139785,0.010109,0.001949,0.005926,-0.005293,-0.001916,0.223824,-0.268622,-0.006104,-0.028055,0.096225,0.137398,0.019050,0.060035,0.078395,0.070026,0.174380,-0.072763,0.033931,0.034643,-0.138911
0,gaussian,-0.002139,0.030913,0.004256,0.019982,-0.002323,-0.001037,0.011348,0.012406,-0.001699,-0.035580,-0.002510,0.010299,0.000353,0.006855,0.004065,-0.021563,0.013266,-0.008717,-0.007537,0.008880,-0.010994,0.003933,-0.012860,-0.002818,-0.005612,-0.006942,-0.012269,-0.000678,0.001823,0.013914,-0.008622,0.000792,0.033168,0.005888,0.007253,0.006511,-0.025609,-0.003664,-0.032147,0.012975,0.025733,-0.007036,0.030393,-0.002424,0.028372,0.136782,0.296412,0.634399,1.171508,1.784758,2.421658,2.828868,2.864336,2.509650,1.888681,1.219628,0.716535,0.387201,0.158352,0.062075,0.011416,0.000907,-0.019762,0.009507,-0.001999,0.019359,-0.015581,0.020501,-0.004658,-0.009183,-0.007259,-0.009151,-0.031380,0.009607,0.011635,0.019212,0.010598,0.009857,-0.025222,0.002751,-0.017028,-0.004194,0.020986,0.000484,-0.039274,-0.015050,-0.008528,-0.003391,0.014095,0.012574,0.012204,0.003491,-0.004434,-0.005435,0.006493,0.014034,0.023330,0.001407,0.004430,0.022321,-0.016332
1,lorentzian,-0.101451,0.160899,0.067995,-0.006225,0.041794,0.011673,-0.002360,0.052745,-0.037596,0.078787,0.023645,0.120371,0.036460,0.100138,0.170952,-0.017981,0.168124,-0.056257,-0.039517,0.047966,-0.058527,0.128141,-0.064945,0.102508,0.015421,-0.055321,0.065105,0.214404,0.037318,0.082641,0.123181,0.023492,0.094799,0.263560,0.049792,0.035367,0.311473,0.193081,0.217144,0.166641,0.229153,0.261134,0.443533,0.342382,0.494964,0.518306,0.448448,0.620622,0.901769,1.063314,1.222562,1.167802,0.969286,0.804620,0.780318,0.650083,0.497651,0.250672,0.300580,0.189287,0.244754,0.326639,0.138318,0.168956,0.111764,0.195330,0.103663,0.041395,0.089233,0.181370,0.051952,0.107042,-0.059906,0.146657,0.090441,-0.020143,0.027112,-0.027767,0.113522,0.031895,-0.044552,0.205186,0.024164,0.070024,-0.131140,-0.029451,0.058566,-0.022631,-0.011259,-0.108392,0.006489,0.088088,0.021842,0.069625,0.009683,0.072688,-0.010012,0.027456,0.007117,0.184998,0.031878
1,lorentzian,0.140943,0.214681,0.079307,0.062923,0.127042,0.100541,-0.039118,0.072951,0.045860,-0.006339,0.095483,-0.040248,-0.022714,0.065662,0.035567,0.007485,-0.017075,-0.048856,0.034241,0.069273,0.137549,0.054152,0.097185,0.050587,-0.007877,-0.122300,-0.092266,0.101546,-0.040467,0.166548,0.064840,0.204013,0.164716,-0.005111,-0.004935,-0.033567,-0.063771,0.106186,-0.049055,0.211875,0.018444,0.187689,0.005945,0.097421,-0.011473,0.146149,0.231429,0.093063,0.242643,0.355530,0.595811,0.317862,0.505880,0.617900,0.786194,1.025196,1.221781,0.786488,1.191114,1.100691,0.858417,0.683817,0.596804,0.610767,0.376762,0.186965,0.416171,0.403754,0.208562,0.239444,0.065236,0.196199,0.248869,0.001257,0.206267,0.122980,0.132015,0.116570,0.046737,-0.039301,-0.025776,0.012013,-0.149524,0.040771,-0.110102,0.167281,0.033562,0.121457,0.078953,0.179248,-0.119093,-0.085530,0.189064,-0.029635,0.130172,0.162696,-0.059981,0.012041,0.080142,-0.007218,0.035551
0,gaussian,-0.029934,-0.007248,0.006686,-0.004669,0.001676,0.000632,0.014196,0.015280,0.007615,-0.011490,0.010230,-0.026660,0.000542,-0.006640,0.011354,0.014140,0.000111,0.006003,0.003204,0.013285,0.026274,0.004850,-0.011556,0.021510,-0.002738,-0.006746,0.013022,0.007117,-0.001868,-0.012151,0.015301,0.009418,-0.004872,0.005318,0.000042,0.031650,0.015335,0.016345,0.007837,-0.016068,0.002761,0.059131,0.103726,0.361156,0.699606,1.234496,1.906837,2.483304,2.759977,2.664426,2.148640,1.529937,0.928105,0.478706,0.190586,0.082935,0.023520,0.027108,0.000540,0.005886,0.003714,0.007382,-0.000926,-0.009554,0.011201,0.004098,0.007920,0.037936,0.026156,0.008781,0.043674,-0.017976,0.039005,-0.000997,0.012780,0.003487,0.007409,-0.010757,-0.013287,-0.016683,-0.017443,-0.023815,-0.009930,-0.043309,0.007528,-0.016685,-0.023955,-0.002682,-0.039341,-0.029047,0.008063,0.009244,0.002453,-0.007421,0.008108,-0.010441,-0.006376,0.004540,0.032409,0.020467,-0.002063
0,gaussian,-0.002651,-0.003562,-0.007175,-0.005505,-0.004127,0.014799,0.020196,0.004589,-0.000177,0.007872,0.021375,-0.016591,0.005024,-0.002393,0.017551,-0.024614,-0.009882,-0.009161,0.001097,-0.006255,0.006303,0.007594,0.014583,0.010307,-0.038592,0.014557,0.013536,0.006074,-0.015439,-0.023241,0.006103,0.004825,-0.002832,0.001346,0.021504,0.013012,-0.030557,-0.001073,-0.011854,-0.030954,0.013427,0.003702,0.014456,0.024614,0.072180,0.271242,0.640083,1.239277,1.930518,2.458926,2.553068,2.129073,1.435623,0.785878,0.342983,0.140059,0.043680,0.021860,0.001186,-0.008399,-0.017512,-0.017294,0.009013,0.008968,-0.008197,0.010635,-0.011106,-0.022245,-0.007066,-0.009922,0.010145,-0.011130,-0.000532,0.002067,-0.000193,-0.028402,0.000034,-0.001783,0.022083,-0.009639,0.009877,0.018611,-0.007750,0.007869,0.004191,-0.001690,0.005632,0.010480,0.015038,0.016826,-0.021457,0.003800,0.015449,0.011640,-0.017645,0.009617,0.000429,0.016519,-0.014160,0.004026,-0.011033
1,lorentzian,-0.071553,0.020290,-0.147610,0.138768,-0.014859,-0.011604,-0.077892,-0.084417,0.106233,0.112126,0.113718,-0.008899,0.022757,0.120298,0.022687,0.072868,-0.048094,-0.069860,-0.010343,0.057853,0.043419,0.031937,0.243982,0.046877,0.025212,-0.070374,0.034365,0.145520,0.099574,0.054197,0.223665,0.270945,0.239459,0.148502,0.246374,0.322848,0.290261,0.442173,0.409584,0.423401,0.683131,0.903338,1.049813,1.296217,1.390413,1.368050,1.153104,1.008145,0.848314,0.575382,0.508043,0.435059,0.409227,0.313748,0.393272,0.201951,0.206114,0.159084,0.252649,0.278244,0.102287,-0.013225,-0.035243,-0.046241,0.047047,0.085588,-0.005794,0.020606,-0.091241,0.012664,-0.073539,-0.006543,-0.057341,0.132823,0.035225,-0.016538,0.020516,-0.052433,0.065485,0.158498,0.089282,0.133415,0.136929,0.006855,0.064021,0.106939,-0.055552,-0.003167,0.106937,-0.027292,0.066757,0.067824,0.073714,-0.091375,0.035091,-0.081210,-0.041488,0.031075,-0.013347,-0.040748,-0.118678
0,gaussian,0.023753,-0.010869,0.004951,0.007299,-0.012877,-0.006605,0.002795,0.001962,0.017352,0.000682,-0.016133,-0.000848,0.017063,-0.021632,0.003332,-0.026851,0.013049,0.004386,-0.007578,-0.010111,-0.022353,-0.010093,-0.002890,-0.005012,0.006571,-0.005978,-0.000648,0.008571,0.001139,-0.003926,-0.006175,0.008874,-0.014630,0.001147,0.003682,-0.024858,0.013088,0.003860,0.001252,-0.004207,0.017700,0.003012,0.022171,-0.011106,0.049075,0.105649,0.294711,0.580761,1.057832,1.643346,2.234519,2.693238,2.755603,2.502829,1.958202,1.330707,0.803378,0.413293,0.179039,0.068636,0.033185,0.018978,-0.004934,-0.005030,-0.004128,-0.006652,0.004588,-0.005089,-0.004517,-0.017306,0.013967,0.002531,0.004443,-0.004393,0.014542,-0.009676,0.004082,0.002957,0.004450,-0.000726,-0.018164,-0.019095,0.010243,0.011166,-0.004923,-0.001217,-0.010552,-0.021209,-0.001320,-0.000680,0.008927,-0.007393,0.011179,0.010016,-0.007589,0.012367,-0.000691,0.001552,-0.002199,-0.005111,0.014843
1,lorentzian,0.024610,-0.012214,0.002230,0.073777,0.084163,0.046977,-0.044288,0.030970,0.019658,-0.016815,0.084129,-0.030769,0.016899,-0.045204,0.079073,0.040102,-0.003315,-0.020230,0.032485,-0.012720,0.028180,-0.070311,-0.049059,0.160932,0.066150,-0.021753,0.046119,0.123090,0.139797,0.148169,0.104917,0.055610,0.010192,0.124020,0.094205,0.089338,0.162370,0.163101,0.048367,0.100025,0.003424,0.054317,0.180898,0.230372,0.281126,0.299036,0.152298,0.459465,0.586885,0.543171,0.774639,0.864215,0.993437,1.089031,1.032436,0.883025,0.715780,0.602393,0.569689,0.436898,0.333384,0.351611,0.264449,0.133856,0.192568,0.108463,0.219589,0.174648,0.004919,0.003155,0.102711,0.009782,0.089408,0.108681,0.040059,-0.062485,0.024776,0.089418,0.054067,-0.069602,0.074016,0.070957,0.024827,0.134160,0.022120,0.030731,0.104166,0.052352,0.026497,-0.022306,-0.016188,0.090689,0.041795,-0.072542,-0.012226,0.026116,0.004308,0.097779,-0.022581,0.037260,-0.030585
1,lorentzian,0.147197,0.214878,0.120403,0.092207,0.035145,-0.095052,0.110225,0.132065,-0.026125,0.037143,-0.171452,-0.002166,-0.002349,0.088190,0.108212,0.007220,-0.103453,-0.040843,0.136280,0.115247,-0.002391,0.024140,0.131784,0.016951,0.095952,0.155528,0.050529,-0.021073,-0.036315,-0.032725,-0.095990,0.002421,0.183371,0.121951,0.149336,0.158696,0.170705,0.274325,0.180831,-0.156309,0.405928,0.187698,0.409695,0.243918,0.472590,0.692938,0.626777,0.794684,0.995208,0.855757,0.853813,1.060854,0.996583,0.685322,0.701013,0.466602,0.436043,0.407817,0.323156,0.205175,0.186569,0.040266,0.160504,0.245463,0.074213,0.134408,0.079821,0.115027,-0.036284,-0.039426,-0.062074,0.071074,0.144091,-0.036216,0.046350,0.139279,0.195752,-0.057529,-0.035120,-0.034825,-0.028366,-0.174716,0.008089,0.120207,-0.005902,0.035809,0.113933,0.149664,-0.022854,-0.020362,0.061591,-0.024814,-0.015935,0.006509,-0.018025,-0.039543,0.056857,0.104314,0.066434,-0.001665,0.035399
0,gaussian,0.004804,-0.016954,-0.007064,-0.009982,0.016013,-0.007707,0.009297,0.037514,0.023567,-0.008197,-0.006465,0.008497,-0.031140,-0.016088,0.009199,-0.002320,0.036113,-0.011541,-0.019536,-0.016602,0.000262,-0.003001,0.041622,-0.007448,0.001016,0.016500,-0.002015,0.010369,0.007370,0.015624,-0.026273,0.015076,-0.002581,0.003493,-0.007216,0.030961,-0.038202,0.026115,-0.012658,0.028653,0.023638,0.023812,0.038005,0.126499,0.242461,0.604898,1.193588,1.921580,2.401035,2.509758,2.057697,1.358068,0.722136,0.307548,0.085210,0.041500,0.023164,0.019226,-0.011493,0.005770,0.000099,0.012905,0.008302,0.001685,-0.034680,-0.003109,0.002069,-0.012966,-0.005023,-0.024246,-0.005992,0.009440,0.038986,-0.018899,-0.000447,-0.017943,-0.001727,-0.004175,0.015543,0.018179,0.003038,-0.002137,0.022142,0.003355,0.028299,-0.030494,0.033255,-0.011528,-0.020274,-0.000835,-0.021717,0.010617,-0.008634,0.005363,-0.018239,-0.004151,0.001809,-0.003516,0.029702,0.010932,0.003801
1,lorentzian,-0.028338,-0.061051,-0.080648,0.022451,0.080698,0.009092,-0.069761,-0.014813,-0.148730,0.083124,0.072040,-0.050262,0.022431,0.033169,0.006428,0.078968,0.144202,0.114462,0.106283,0.016376,0.075916,0.090863,0.020838,0.095646,-0.072307,0.037102,0.028927,0.024459,0.063298,0.062839,-0.037172,0.036962,0.019226,0.117040,0.027846,0.100426,0.011117,0.219603,0.013590,0.139999,0.071230,0.176426,0.255373,0.263418,0.156182,0.283624,0.285695,0.390232,0.449482,0.699334,0.934659,1.139630,0.948270,1.118234,0.975233,0.881299,0.871569,0.667008,0.485523,0.415535,0.342827,0.311452,0.179149,0.234469,0.070050,0.070709,-0.016406,0.079976,0.193617,-0.053656,-0.007631,0.255174,0.079500,0.066752,0.117132,0.014812,0.002787,0.298448,0.043465,0.108761,-0.116467,-0.092712,-0.102370,0.238664,-0.053761,0.059121,-0.006265,0.072960,0.033936,0.145496,-0.060706,0.179051,-0.112097,0.078533,0.045296,0.004169,-0.127112,0.181785,0.134892,0.016351,0.064853
1,lorentzian,-0.008408,0.055277,0.060902,-0.058953,0.047726,0.101533,-0.027716,0.000913,-0.018333,0.004114,-0.064337,0.064091,0.038632,-0.087383,0.053024,0.044342,0.054694,0.001894,0.042795,0.061278,0.140089,0.085308,0.042431,0.066780,0.071490,0.119971,0.016273,0.145435,0.110107,0.041203,0.122055,0.114079,0.037850,0.109206,0.196170,0.158980,0.150502,0.282942,0.332886,0.360795,0.441188,0.513453,0.507463,0.616005,0.718381,0.978795,1.086037,1.150979,1.406692,1.325665,1.330771,1.078697,0.917224,0.758256,0.603636,0.560854,0.452394,0.464256,0.328923,0.233573,0.221786,0.122048,0.151068,0.187401,0.163856,0.165232,0.118817,0.164949,0.141432,0.131122,0.276452,0.128933,-0.029586,0.116584,0.056178,0.230751,0.011658,0.058623,0.034932,0.031654,0.015795,-0.046150,0.042902,0.023833,0.103024,0.026875,0.043609,0.086760,0.084158,-0.027708,-0.015861,0.064688,-0.052334,-0.094903,-0.067689,0.107902,-0.008039,0.008702,-0.082026,0.085923,0.126790
0,gaussian,0.018851,-0.033967,-0.019707,0.037570,-0.032576,-0.007434,-0.019455,-0.017703,-0.040637,0.012050,0.006593,0.029990,-0.020474,0.005056,0.000828,-0.002935,-0.008652,-0.023446,-0.001757,-0.006623,-0.007814,-0.023286,-0.006799,0.010188,-0.023607,0.008768,-0.009274,-0.008411,0.005588,0.012655,-0.002228,-0.000574,-0.023127,-0.017581,-0.032147,-0.023272,0.031820,0.029211,-0.023480,0.011575,-0.006371,-0.009006,0.018094,0.019621,0.008326,0.078124,0.208432,0.494281,0.895349,1.525623,2.097659,2.493640,2.524078,2.195900,1.586513,0.964058,0.526392,0.221607,0.072400,-0.004553,0.021367,-0.020236,0.028354,0.016789,0.002192,0.004593,-0.011718,-0.005130,-0.032918,-0.004708,-0.032904,0.011099,-0.001369,-0.013985,-0.001079,0.018989,-0.012438,0.003013,-0.010719,0.001051,0.000369,0.029356,-0.007302,0.019172,-0.021228,0.001647,-0.026585,-0.052097,-0.007305,-0.009257,-0.018545,-0.016175,0.026846,-0.013335,0.007465,0.018269,0.021803,-0.014960,-0.023979,0.025308,-0.003138
1,lorentzian,-0.137698,0.063233,-0.054678,0.036219,0.020301,0.063262,-0.004297,-0.089871,-0.036964,-0.026411,-0.010605,0.105688,0.011741,0.160264,0.171952,-0.084116,-0.080793,0.016966,0.177309,0.038734,0.018397,-0.000816,0.168984,0.017540,0.025740,-0.031161,0.084085,0.134888,0.003904,0.159762,0.031123,0.083178,0.079442,0.089062,0.081686,0.244236,0.234116,0.193720,0.254242,0.157144,0.386683,0.322015,0.539320,0.701595,0.779297,0.957781,1.007502,1.043355,1.183135,1.077857,1.146235,0.933107,0.825683,0.626694,0.533274,0.559536,0.374591,0.474490,0.384201,0.222506,0.335469,0.047335,0.231409,0.046926,-0.033715,0.128267,0.098063,-0.031880,-0.019648,0.011684,-0.006589,0.075357,-0.231431,0.092658,0.116972,-0.063071,-0.002602,0.053932,0.026949,0.025453,0.163079,0.195844,0.043951,-0.049129,0.086428,0.064083,-0.045736,-0.036325,0.082772,0.158349,-0.035150,-0.187961,-0.033543,-0.078336,0.080198,-0.098491,-0.035786,0.016110,0.060107,-0.089454,-0.085650
0,gaussian,-0.004184,0.001615,0.018013,-0.019599,0.001439,-0.000691,-0.005130,-0.015677,-0.005055,0.037277,-0.007282,-0.008415,-0.018335,0.010755,-0.008041,-0.001596,-0.017099,-0.014520,-0.009935,-0.001233,0.011849,0.013192,0.024725,0.007478,0.026336,0.015588,0.005309,0.004241,-0.019243,-0.015027,-0.023575,0.019126,0.006012,0.010337,0.014433,-0.002946,-0.000474,-0.005374,0.004550,-0.004369,0.005405,-0.006755,0.003285,0.039737,0.133942,0.373418,0.856608,1.640446,2.383983,2.822460,2.643571,1.973592,1.186281,0.571678,0.207196,0.053749,0.012341,0.003405,0.010534,-0.014295,-0.011256,-0.020635,-0.002077,-0.018618,0.008000,0.016000,0.003687,0.010867,-0.027995,0.005339,0.004742,-0.010570,-0.052986,0.001251,0.005439,0.035902,0.003643,-0.002712,-0.015980,0.001496,0.019188,0.015942,-0.005703,-0.017862,0.009446,0.034277,-0.014037,0.009508,0.013936,-0.002027,-0.005755,0.004787,0.005282,0.009682,-0.001816,-0.004554,0.011136,-0.024746,0.016272,0.005054,-0.004727
0,gaussian,-0.010788,-0.018866,-0.009806,-0.004907,0.021755,-0.016123,0.001234,0.038777,0.002622,0.009207,-0.023031,-0.018776,0.008272,0.004167,0.031662,0.015376,-0.000446,-0.002803,-0.012424,-0.003045,-0.011832,0.010296,0.037687,-0.007945,-0.011871,0.008558,0.035330,0.006975,0.042685,0.043026,-0.028729,-0.003852,0.029611,-0.002172,0.024890,-0.011361,-0.014233,0.017460,-0.017246,0.009932,-0.019102,0.026767,-0.003747,0.072440,0.151776,0.370850,0.692077,1.228638,1.778680,2.379943,2.797174,2.955968,2.747641,2.280928,1.662525,1.099015,0.665298,0.333781,0.134914,0.049417,0.043968,0.004693,0.023724,-0.006902,0.028620,-0.041157,-0.022657,0.009617,-0.009869,0.000798,-0.006925,-0.016989,-0.003299,0.007367,-0.022495,-0.020533,0.021498,-0.015000,-0.003410,0.004485,-0.004276,-0.008629,0.005528,0.005714,-0.004371,0.026440,0.011628,-0.039114,0.001323,0.020598,-0.010032,-0.008873,0.041361,-0.022007,-0.010061,0.008551,-0.000022,0.006069,0.000336,-0.012268,-0.012070
1,lorentzian,0.060629,0.242471,-0.059139,-0.098555,0.052763,0.103986,0.022749,0.177049,0.151553,-0.036287,-0.124961,0.237993,-0.006493,0.148931,-0.035414,-0.092240,-0.092854,0.009133,0.016716,0.043165,0.000672,0.060454,-0.077248,0.145480,-0.109201,0.034447,0.006605,0.046745,-0.158057,-0.012787,-0.043809,0.231228,0.203943,-0.027970,0.148417,0.052085,0.164227,0.105562,0.116496,0.149922,0.200292,0.303135,0.178628,0.408108,0.387659,0.251211,0.552646,0.491655,0.654334,0.858455,1.159998,1.266534,1.424134,1.615562,1.266947,1.187889,0.934226,0.864314,0.828189,0.574777,0.513074,0.515127,0.149954,0.242448,0.392409,0.199500,-0.033104,-0.012764,0.229306,0.219485,0.096248,-0.028220,0.260813,0.052764,0.124769,-0.009609,0.131978,-0.038409,0.043460,0.061737,0.023773,-0.063088,0.043765,0.208576,0.022044,0.116662,-0.038115,0.062718,0.094750,-0.049921,0.000296,0.082060,-0.049979,0.025420,0.144189,0.012129,0.075608,0.085389,0.008974,0.001234,-0.120244
1,lorentzian,0.122490,-0.096516,0.102373,0.041401,-0.086232,-0.092930,-0.009683,-0.134948,0.123620,0.109257,0.062886,-0.059710,0.063345,-0.024253,0.105034,0.031997,0.038192,0.301525,0.078858,0.008371,0.032516,-0.043482,0.214629,0.021941,0.030487,0.126368,-0.008904,0.184370,0.243406,0.083071,0.164139,0.020951,0.134887,0.022345,0.161278,0.133606,0.203816,-0.007193,0.162888,0.107474,0.341446,0.371779,0.203893,0.268666,0.360955,0.570594,0.735319,0.655398,1.193374,1.109602,1.291361,1.527681,1.485881,1.323822,1.253023,0.959145,0.911381,0.654422,0.548999,0.522236,0.235424,0.269719,0.170115,0.194709,0.260773,0.154555,0.112755,0.088011,0.123110,0.029381,0.107067,-0.085684,0.107168,0.159456,0.084054,0.028242,0.047885,-0.065116,0.070733,0.120315,-0.008235,0.093320,0.064809,0.006497,0.037637,0.279555,0.073579,0.012088,-0.016642,-0.087469,0.007510,0.102947,0.024439,0.058253,0.102106,0.226053,0.015315,0.205085,0.131066,0.121144,0.147405
1,lorentzian,0.052807,0.132983,-0.050301,-0.048858,0.099096,0.140338,0.003261,-0.104866,-0.072549,0.014950,-0.014856,0.148505,-0.105707,0.013506,0.050704,-0.006931,0.093528,0.107659,0.152536,0.052983,0.140599,-0.039298,-0.010609,-0.003269,0.147771,0.041196,0.056656,0.140453,0.235404,0.311575,0.183702,0.221999,0.272913,0.245708,0.339120,0.365862,0.321219,0.426708,0.606660,0.682132,0.908677,1.074075,1.118769,1.365844,1.317057,1.353074,1.168994,1.040997,0.794876,0.537564,0.669701,0.585985,0.485513,0.340489,0.297402,0.262135,0.199468,0.216545,0.103655,0.201352,0.216509,0.138216,0.177107,0.025704,0.018619,0.100576,-0.142248,0.057632,0.020761,-0.001225,0.125861,0.031317,0.117965,0.158155,-0.132630,0.017554,-0.066434,0.056469,-0.080490,0.006286,0.027053,0.015149,0.091855,-0.056762,0.193644,0.014357,-0.113557,0.015086,0.130264,0.047315,0.029950,-0.002764,0.158826,0.040085,0.160501,0.074320,0.065914,0.069651,-0.003934,-0.004101,-0.151502
0,gaussian,0.009918,-0.024225,0.004590,-0.015350,0.000331,0.007530,0.024423,0.012596,-0.008695,0.027987,-0.007999,0.027996,0.004139,0.009694,0.018579,-0.006809,-0.015051,-0.004441,-0.016182,-0.033380,0.015429,0.023672,0.010704,-0.010364,-0.009244,0.025200,0.027600,0.000989,0.031097,-0.006988,-0.000463,-0.015782,-0.029698,-0.007673,-0.011626,-0.001262,0.022008,-0.000077,0.013629,-0.003631,0.019919,0.049119,0.091653,0.257794,0.517114,0.946185,1.540675,2.063600,2.456707,2.498163,2.117523,1.549556,0.950932,0.489047,0.223086,0.085624,0.020924,0.020909,-0.005269,0.003380,0.012475,-0.016589,-0.015819,0.019484,-0.021419,-0.010638,0.014204,-0.002063,-0.010455,-0.031858,0.022074,-0.002165,-0.000307,0.006680,0.028428,0.003697,-0.006597,0.005861,0.024759,-0.019842,-0.003674,-0.025700,0.001554,0.031680,-0.014697,0.000504,0.009959,0.008002,0.024708,-0.008374,-0.012066,-0.013937,0.003484,-0.006356,-0.003665,-0.017045,0.047067,0.002535,-0.003768,0.050886,0.008487
0,gaussian,0.001834,-0.004579,0.008685,0.008644,-0.000913,0.007592,-0.007777,0.010165,-0.000273,-0.009762,0.009476,0.003382,-0.013172,0.012450,0.031449,0.003456,0.010431,-0.005786,0.002337,0.014976,-0.015990,-0.005042,-0.017364,-0.018699,0.008868,-0.008548,0.029308,0.018939,-0.001337,0.007006,-0.008189,0.003654,-0.021597,-0.019414,0.005610,0.007872,-0.003910,-0.002063,0.010049,0.016957,0.023401,0.009232,0.020373,0.028869,0.122312,0.330446,0.851384,1.600239,2.398859,2.810798,2.580711,1.864431,1.080235,0.479962,0.162050,0.031312,0.003918,0.018812,-0.015214,0.016247,0.009309,-0.003869,-0.000256,0.010730,0.033275,0.007780,0.000406,0.007640,0.015092,0.031931,-0.003863,0.010103,-0.036075,-0.016603,-0.019653,0.004382,-0.013722,-0.021454,0.007547,-0.029649,0.011071,0.010768,0.020084,0.010582,-0.012684,0.000047,0.032921,-0.001201,-0.010525,-0.001303,0.013565,0.014669,-0.007284,-0.002830,0.004632,-0.001815,-0.025476,-0.002430,-0.013276,-0.021916,0.019997
0,gaussian,-0.041108,0.000860,-0.014757,0.000033,-0.006724,0.012055,0.007697,0.006820,0.010600,0.006990,-0.000295,0.018100,0.008559,0.034726,-0.010844,-0.007405,-0.015480,-0.010532,-0.005065,-0.016302,-0.003144,0.000136,0.008344,0.009598,0.000833,-0.010585,-0.009915,0.013375,-0.012026,0.007570,-0.002451,0.014022,-0.017186,0.010468,-0.012750,0.019237,-0.006798,-0.005883,0.009809,-0.000481,-0.003504,0.032999,0.057955,0.238121,0.544104,1.093085,1.856985,2.578406,2.944135,2.792310,2.160656,1.395107,0.745778,0.330703,0.116103,0.042075,0.019907,0.016077,-0.004673,0.001908,-0.019927,0.013038,-0.001973,0.039275,0.014943,0.008668,-0.006107,0.009248,0.022795,-0.002188,0.009229,-0.015543,0.007230,0.011523,0.009585,0.003299,-0.017194,-0.001333,-0.002494,-0.000006,-0.009047,0.016128,0.010325,0.018485,-0.007941,0.009048,0.000694,0.008186,0.018892,-0.017870,0.018028,0.015662,0.020073,0.010457,0.015155,-0.001585,-0.009914,-0.016247,-0.010867,0.041365,0.002482
1,lorentzian,-0.068511,-0.028975,0.082625,-0.031426,0.120894,-0.079399,-0.064166,-0.022234,-0.072903,-0.052001,-0.048404,-0.017065,-0.037960,-0.086865,0.025904,-0.061880,0.084060,-0.014524,0.025407,0.008657,0.027589,0.043614,0.139780,0.083034,-0.068597,-0.056090,0.103095,0.024089,0.134587,0.102930,0.110337,-0.029666,0.046973,-0.012100,0.198669,0.201257,0.216060,0.034789,0.068668,0.214344,0.048219,0.105081,0.216301,0.065955,0.213942,0.252578,0.235355,0.249944,0.361550,0.453734,0.516277,0.671774,0.843382,0.950215,1.047793,1.143134,1.143955,1.253883,0.895319,0.812017,0.683813,0.657190,0.483414,0.355359,0.420411,0.235255,0.255996,0.150905,0.098439,0.314178,0.250200,0.108149,0.118407,0.073992,-0.045611,0.078876,0.013294,0.054576,0.019069,0.176014,0.114319,-0.019282,0.001038,0.052506,0.104197,0.026385,-0.010779,0.143249,0.013462,0.046434,0.077942,-0.027756,0.036994,0.085085,-0.076547,0.068667,0.147378,-0.043341,-0.186768,-0.064669,0.012159
0,gaussian,-0.031206,-0.001956,-0.034782,0.005048,0.004996,-0.007324,-0.000044,0.006565,0.017250,-0.006940,0.031835,-0.022851,0.032027,-0.038504,-0.009184,0.026307,0.004962,0.013498,0.017074,0.013880,-0.026562,-0.019093,-0.003257,0.005535,0.005709,-0.003605,-0.007074,0.027882,0.004213,0.008555,-0.004048,-0.009742,0.007689,0.019555,0.023273,0.008710,-0.026052,0.015290,-0.030162,-0.022120,-0.011619,-0.012631,0.026812,0.037365,0.089241,0.170228,0.390031,0.749359,1.181822,1.767804,2.316708,2.685315,2.792975,2.566805,2.078988,1.497720,0.986395,0.529204,0.272086,0.147408,0.061654,-0.013250,0.051999,0.020492,0.014514,-0.015710,-0.013109,0.023823,0.005768,0.001142,0.016651,-0.027934,0.010121,-0.004328,0.021732,-0.002120,-0.011083,-0.016303,0.011171,-0.031865,0.031505,-0.001112,0.007804,-0.034087,-0.017491,0.062623,0.002436,0.010040,-0.028851,-0.038553,-0.015847,0.019246,0.019723,-0.018312,-0.011130,0.000107,-0.045169,0.003715,0.016075,0.018354,0.003382
0,gaussian,0.007941,-0.002210,0.010354,0.024348,-0.003743,-0.003743,0.025246,0.012269,-0.007505,0.008674,-0.007408,-0.007445,0.003868,-0.030587,-0.027576,-0.008989,-0.016192,0.005024,-0.014516,-0.022578,0.023431,-0.003609,0.001080,-0.022777,-0.008703,0.001773,-0.018400,0.006006,-0.009602,-0.004663,-0.009619,0.029612,-0.000216,-0.016909,0.013153,-0.019501,0.003421,-0.030964,-0.019788,0.008259,0.027923,0.048042,0.111672,0.248786,0.481419,0.885197,1.411953,2.019659,2.524897,2.797257,2.830027,2.511652,1.989823,1.426998,0.911483,0.518771,0.239488,0.108219,0.050436,0.031648,-0.002571,-0.001530,-0.017324,-0.019042,0.013006,0.021685,-0.001151,0.016043,0.005781,-0.010313,0.005777,0.024588,-0.000573,0.025013,-0.041881,0.013139,0.001392,-0.004780,0.001467,-0.031774,-0.003512,0.005709,0.023626,-0.008285,-0.012925,-0.008021,0.014634,0.005256,-0.008469,0.008205,0.001552,0.015485,-0.011223,-0.005238,-0.006268,-0.023397,0.004734,0.004173,0.000082,-0.003750,-0.022627
0,gaussian,0.001662,0.034305,0.014876,0.001064,0.016618,0.015508,-0.014487,0.011360,-0.002663,-0.020042,0.016507,-0.000630,-0.014055,-0.024170,-0.014792,0.003119,-0.011622,0.016611,-0.004308,0.001346,-0.003938,-0.018850,0.004312,0.008588,-0.007274,-0.022200,0.013776,0.036713,-0.023670,-0.003358,0.002960,0.011233,-0.013541,0.001582,0.008637,0.014968,0.022312,-0.010810,-0.012792,-0.010974,0.002927,0.026360,0.074340,0.241738,0.462606,0.894346,1.514206,2.174215,2.703215,2.893812,2.700089,2.216904,1.540660,0.958404,0.515410,0.223700,0.101759,0.034887,0.005653,0.015358,0.001013,0.012287,0.001596,0.010070,-0.005233,-0.012522,0.022001,-0.019335,-0.016448,0.005940,0.003774,-0.008158,-0.010163,-0.024188,0.000019,0.002334,-0.002760,0.008443,-0.010335,-0.005430,0.006199,-0.000623,-0.007886,-0.000556,-0.002466,0.000815,-0.003476,-0.009424,-0.012353,-0.001143,0.008091,0.018027,0.020315,0.017533,0.016937,-0.009417,-0.000663,0.017199,0.002943,0.011495,-0.002446
0,gaussian,0.003129,0.017736,-0.031506,-0.009617,0.015157,0.036399,-0.008227,0.011442,-0.032687,-0.004643,-0.006109,-0.009303,-0.001876,-0.008028,0.013850,-0.031342,0.026359,-0.016055,0.027453,0.027961,0.036452,0.008252,-0.003460,-0.004141,0.016704,-0.002713,-0.003401,0.004981,-0.031060,-0.035577,0.006683,-0.001056,0.008275,0.013160,-0.012415,-0.006923,0.012512,-0.014955,0.010150,-0.003932,-0.002760,0.017289,0.080876,0.196138,0.431038,0.862013,1.398004,1.974446,2.469330,2.667779,2.484807,2.013379,1.410013,0.878228,0.457335,0.221866,0.080587,0.028388,0.030130,0.014715,0.013976,0.007765,0.006164,0.027395,0.012198,0.004137,0.005053,0.013759,0.002599,-0.006172,0.027995,-0.002965,0.010310,-0.014778,0.004612,0.010224,0.002766,-0.020863,0.003178,0.015395,0.009810,-0.029099,0.007954,-0.015045,-0.000895,0.016749,0.007180,-0.002242,-0.014732,0.016300,0.009406,-0.023424,0.007639,-0.024142,-0.033488,0.009829,0.006356,-0.003691,-0.016751,-0.008592,0.000344
0,gaussian,-0.004815,0.004903,-0.000014,0.011841,0.002269,0.007427,-0.011645,-0.014327,-0.000463,-0.012810,-0.001404,0.011384,0.011489,-0.000751,-0.006692,0.002680,-0.024605,-0.006307,0.017212,0.007601,0.001411,-0.015402,-0.008258,-0.004777,0.001290,0.005600,-0.001001,0.009741,-0.006903,-0.021901,0.016188,-0.024474,-0.009374,0.011272,-0.006868,-0.008805,-0.003877,0.019245,0.005118,-0.011816,-0.009772,-0.010180,-0.022662,-0.000676,-0.000964,0.033427,0.128279,0.375222,0.895208,1.636944,2.331980,2.695814,2.412615,1.747910,0.998511,0.450487,0.147596,0.060147,0.015906,0.007949,-0.028939,-0.011123,-0.012886,0.006352,0.007173,0.002780,-0.017697,0.015969,-0.005911,0.012705,0.003573,0.007704,0.008677,0.002457,-0.011152,0.003740,0.001504,0.009969,-0.014446,0.000751,-0.006118,0.020428,-0.001963,-0.017016,-0.002638,0.011018,0.008678,-0.004362,-0.007092,-0.012306,0.006554,0.006954,0.009081,-0.027590,-0.000664,0.002010,0.020700,0.004507,-0.000933,0.004255,0.004496
0,gaussian,-0.015937,-0.010137,0.020126,-0.021469,-0.034325,0.022593,0.012757,0.006555,0.000017,-0.019106,-0.016310,-0.012455,0.039444,0.000605,-0.011663,0.003772,0.020176,0.004844,0.009697,0.000996,0.004583,-0.038228,-0.000496,-0.004556,0.022686,0.016311,0.014520,-0.013478,0.000662,0.008887,-0.000073,-0.048641,-0.012774,0.019357,0.006687,-0.018904,0.021201,0.011563,0.006101,0.025952,0.083403,0.121964,0.309019,0.597488,1.042832,1.604355,2.187498,2.634612,2.824608,2.680057,2.229957,1.644452,1.068663,0.606179,0.268812,0.130679,0.066392,0.006734,-0.027605,-0.009248,0.024477,0.028114,0.032066,-0.000950,-0.011113,0.043070,0.025744,-0.008570,-0.001296,-0.005945,0.029435,0.000766,0.021299,-0.000453,0.028842,0.019978,0.009902,0.034972,-0.007397,-0.006760,-0.002875,-0.025306,0.012855,-0.003955,-0.009236,-0.007276,0.017045,0.008263,-0.001852,-0.027687,-0.019578,0.008201,0.001064,0.006643,-0.022072,-0.017535,0.007190,0.028241,0.018402,-0.008690,-0.027966
1,lorentzian,-0.030398,0.096675,0.059401,0.006788,0.010275,-0.026827,-0.040561,-0.015523,-0.033725,0.043806,0.003477,-0.040961,-0.041025,0.070968,-0.023512,0.097565,-0.044316,0.037335,0.078068,-0.019304,-0.065271,0.128182,0.087990,0.087895,-0.044754,0.042578,-0.081534,0.116032,0.090517,0.199818,0.096639,0.191224,0.192511,0.205164,0.255993,0.163640,0.307372,0.259764,0.314536,0.588453,0.640700,0.689215,0.759592,0.903157,0.904169,1.075911,1.021204,0.919699,0.826352,0.615046,0.611036,0.416839,0.225027,0.320187,0.135906,0.289838,0.219208,0.153414,0.226569,0.041569,0.188642,0.230134,0.145976,0.088168,0.127367,0.193306,0.015253,0.083081,-0.064252,0.080414,-0.013175,-0.065707,0.114453,0.028245,0.014361,0.101134,-0.009420,0.029688,0.032143,-0.014455,-0.012125,0.039256,-0.091965,0.057777,0.099348,0.010933,-0.015706,-0.006029,-0.020850,0.015094,-0.039100,-0.028385,0.003467,-0.031327,0.086158,-0.035691,-0.088978,0.109510,0.043456,-0.027869,0.026668
1,lorentzian,0.230927,0.012240,-0.078544,-0.062280,0.079913,-0.006818,-0.117634,0.083473,0.018918,0.041583,-0.054892,0.111308,-0.053790,0.063813,-0.058549,0.153732,0.118245,0.151146,0.028876,0.322424,0.031556,0.178601,0.113886,-0.068072,-0.088446,0.152952,0.087435,0.197118,0.214999,0.166472,0.189062,0.157487,0.158673,0.183989,0.128077,0.344508,0.087827,0.344679,0.383405,0.406388,0.556907,0.432407,0.733492,0.914638,0.874505,1.152785,1.164871,1.390000,1.360612,1.127433,0.968499,0.843391,0.706561,0.525623,0.396379,0.195083,0.191375,0.124907,0.286954,0.207804,0.261502,0.108930,0.230234,0.053778,0.185287,0.101468,0.114936,0.084304,-0.039982,0.132019,0.114537,0.097560,-0.005892,0.015502,-0.092067,0.055447,0.023888,0.019345,0.128194,0.077128,0.001066,-0.141575,0.077465,0.172528,0.016024,-0.001274,-0.032849,-0.074651,-0.045419,0.064941,-0.021210,0.023885,-0.061791,0.025236,0.046552,0.026844,0.083482,-0.040313,0.136570,-0.020663,0.027292
1,lorentzian,0.012592,-0.096847,0.050316,0.161523,0.009338,0.053113,-0.060362,0.092802,0.066246,-0.004296,0.041045,0.119954,0.047699,0.034358,-0.058873,0.035548,0.042160,-0.016097,0.072075,-0.044215,0.057150,0.110788,0.044648,0.007769,0.066481,-0.020192,0.056346,0.035940,0.047287,-0.042119,0.039268,-0.003343,0.051272,0.054478,-0.064618,0.151131,0.032220,0.113128,-0.050745,0.165941,0.141408,0.114958,0.136459,0.214200,0.204490,0.236413,0.187681,0.278295,0.335618,0.365336,0.305096,0.468029,0.488892,0.727150,0.686562,0.964530,1.079320,0.902526,0.993945,0.894656,0.876270,0.694448,0.535234,0.606321,0.420014,0.245039,0.323225,0.249291,0.241773,0.057570,0.123897,0.137450,0.169016,0.037080,0.172723,0.138356,0.027987,0.101667,-0.009711,0.000123,0.085855,0.046137,0.002079,0.143250,0.058469,-0.014095,0.006948,-0.021613,-0.124455,0.178346,-0.006807,0.105456,-0.033258,0.123129,0.008995,-0.027206,0.059296,-0.009404,0.081828,0.035577,0.085707
0,gaussian,0.007552,0.015898,0.010613,-0.010320,0.005321,-0.002275,-0.000945,-0.007304,-0.001207,0.011070,-0.011133,0.000213,0.020209,-0.006057,-0.005066,0.010545,0.000986,-0.001292,0.020966,-0.017258,-0.001745,-0.006176,-0.020595,-0.011220,-0.000423,-0.019723,-0.001609,-0.003382,0.012852,0.004100,-0.000494,-0.000881,-0.005711,-0.006189,0.000665,-0.012588,-0.018503,-0.004613,0.006007,-0.009646,-0.031321,0.020081,0.045610,0.125925,0.319192,0.679006,1.221439,1.842799,2.416610,2.729677,2.597850,2.101911,1.461065,0.911804,0.428760,0.206270,0.064622,0.026782,0.019892,-0.023328,-0.001596,0.017653,0.012374,0.026654,-0.011092,-0.005129,-0.002361,0.003518,-0.007372,-0.006580,-0.005522,0.001910,0.003486,-0.007054,0.001602,0.022984,-0.016591,0.013927,0.002773,-0.005436,-0.001815,-0.013373,-0.001942,-0.025916,-0.000189,-0.001148,0.018171,-0.004418,-0.009534,-0.008463,-0.015948,0.016041,0.001708,0.007950,0.015288,-0.007984,-0.003942,0.004220,0.002340,-0.012339,-0.002682
1,lorentzian,0.039431,0.047664,-0.057222,0.091127,0.087746,0.099713,0.066244,-0.111717,0.128549,-0.023783,0.033012,-0.078230,0.082000,-0.052241,0.178787,0.237293,0.198454,0.067768,0.030191,0.104902,0.060477,0.001747,-0.079429,0.142191,0.012728,0.104811,0.110602,0.019806,0.209078,0.067418,0.139016,0.213361,0.150565,0.062071,0.100693,0.326353,0.296352,0.360941,0.240499,0.429582,0.742206,0.739628,1.048095,0.997680,1.087744,1.071741,1.083260,0.965046,0.926783,0.639101,0.353057,0.505541,0.425048,0.342885,0.229916,0.299512,0.250584,0.311184,0.063145,0.035889,0.179743,0.062069,0.074017,-0.010040,0.150167,0.009361,-0.003255,-0.058611,0.127758,0.139074,0.104601,0.104058,0.011818,-0.196499,0.082697,-0.012415,-0.106965,0.054463,0.105902,0.050689,-0.104199,0.061555,0.080845,-0.093770,0.050225,-0.000022,0.044848,0.105500,0.035774,0.040057,-0.014495,0.071196,0.011468,-0.032650,0.060155,-0.023351,0.044911,0.004508,-0.130062,-0.016688,-0.033740
0,gaussian,-0.006783,-0.006887,0.005196,-0.007089,0.007889,-0.013105,-0.018000,0.020496,-0.000492,0.013235,0.007477,-0.005451,0.007018,0.007724,-0.010457,-0.006283,0.010249,-0.002687,0.011245,-0.013302,-0.005005,0.007984,0.029936,0.006982,0.005682,-0.008078,-0.006253,0.001416,0.014889,-0.013432,-0.004556,-0.003735,-0.020147,-0.006194,-0.008309,0.007583,0.018715,0.005195,-0.000150,0.007486,-0.005823,0.010800,0.001803,-0.003765,0.061791,0.168388,0.389610,0.867321,1.531716,2.244489,2.812154,2.943520,2.577876,1.926336,1.197632,0.610547,0.267750,0.113593,0.022391,-0.002612,-0.006793,0.012206,-0.005941,-0.018594,-0.002183,-0.012069,-0.025143,0.005709,-0.011331,0.018788,-0.004013,-0.011747,-0.000180,0.019794,-0.004423,0.008558,0.012426,0.020590,0.018902,0.007385,0.006880,0.012886,0.003216,-0.007273,0.001276,0.004947,0.015630,-0.000544,0.014693,-0.014592,-0.003666,0.006810,0.002733,0.009005,0.000896,0.017874,0.010067,0.003501,-0.002061,-0.007524,0.010870
1,lorentzian,-0.029324,0.045562,0.035544,-0.062232,0.016008,0.117379,-0.030146,-0.006936,-0.045733,0.149982,0.193414,0.032088,0.002555,0.054899,0.123052,0.035576,-0.030512,-0.011034,-0.125451,-0.032982,-0.016472,0.091855,0.270430,0.125779,0.039737,0.358741,0.073946,0.027797,0.182366,-0.007401,0.223755,0.124568,0.164665,0.159501,0.179288,0.123368,0.206857,0.134246,0.453305,0.374271,0.474245,0.392817,0.545819,0.781098,0.724806,0.857641,1.146006,1.195926,1.134873,1.178058,1.039457,0.657518,0.715378,0.702253,0.429902,0.346139,0.464912,0.170173,0.435216,0.146076,0.085420,0.187254,0.122529,0.281387,0.343255,0.226912,0.009299,0.039227,0.207984,-0.031090,0.084110,0.024608,-0.021421,0.133633,0.220711,0.144867,0.127044,-0.008014,-0.025881,0.082093,0.137549,0.129475,-0.017460,-0.137184,0.205614,0.120258,0.102410,0.174773,0.103308,-0.027139,-0.027467,-0.131508,-0.063948,0.035063,-0.035330,0.059510,-0.032987,0.115743,-0.228314,-0.037721,-0.103006
1,lorentzian,0.139749,0.011466,-0.104474,-0.009414,0.083599,-0.112217,-0.135343,0.044593,-0.056425,0.156472,0.040143,0.156721,0.101073,0.109510,0.001038,-0.073957,0.187429,0.148182,0.065435,-0.051351,0.093343,0.046589,0.034493,0.106830,0.066667,-0.100374,0.157143,-0.002271,0.134989,0.129461,-0.029057,0.056774,0.064542,0.137997,0.155597,0.083862,0.073097,0.154899,0.088342,0.130310,0.087783,0.242916,0.037211,0.104458,0.212405,0.198974,0.032051,0.201733,0.366083,0.291308,0.405046,0.612486,0.609510,0.696537,0.701678,0.996629,0.958269,1.186017,1.080440,0.962426,0.760505,0.830822,0.671797,0.480528,0.431765,0.469127,0.322711,0.366358,0.321032,0.195727,0.241364,0.147375,0.112255,0.028511,-0.074515,0.039453,0.068619,0.116982,-0.005174,0.120858,0.135963,0.034759,0.038517,0.146395,0.028350,0.069820,-0.035065,0.190071,0.005293,-0.077576,-0.105777,0.171625,0.033570,0.005477,0.063567,0.087518,-0.065127,-0.171669,0.018985,0.135675,-0.033363
1,lorentzian,0.006860,0.092259,0.040223,-0.067659,0.071920,-0.067633,0.078135,-0.039644,0.016109,-0.039430,-0.070237,-0.033235,0.019339,0.057054,0.090998,0.004782,0.044649,0.115911,-0.127585,0.153703,-0.021464,0.123614,-0.028563,-0.030883,0.023971,-0.048619,0.205103,0.087800,0.149617,0.102267,0.127126,0.168531,0.186611,0.274026,0.193887,0.176136,0.194541,0.205355,0.316757,0.333438,0.448856,0.486194,0.486306,0.661386,0.915524,1.052956,1.004779,1.248540,1.175176,1.085936,1.033837,0.787367,0.724965,0.698100,0.503307,0.541839,0.440621,0.377833,0.211535,0.267577,0.141105,0.260485,0.017105,0.174057,0.149776,0.071994,0.091399,0.077974,0.040453,0.169599,0.025182,0.060903,0.128516,0.189400,0.033343,0.045445,0.124946,0.032456,-0.007346,-0.059069,0.161446,0.057481,0.032322,0.035021,0.007607,0.078775,0.003252,0.009894,0.104270,-0.032133,-0.036972,0.094200,0.103286,-0.033985,-0.036932,-0.076511,-0.032354,-0.015553,0.184808,-0.115557,-0.045709
1,lorentzian,-0.053163,0.016530,0.105994,0.065422,-0.116951,0.087372,0.010682,0.164919,0.023130,0.063778,-0.060373,0.154706,0.146231,-0.164128,0.099344,0.008781,0.036686,-0.031722,-0.032134,0.005354,-0.023864,-0.038741,0.022628,-0.033757,-0.010125,-0.057738,0.016422,-0.168184,0.157301,-0.016544,0.101080,0.109256,0.091860,0.087611,0.132605,0.074681,-0.035446,0.038143,0.028099,0.185212,0.184349,0.134148,0.273408,0.144698,0.273317,0.126117,0.316544,0.343425,0.324513,0.588904,0.292295,0.588716,0.667607,0.817635,1.137180,1.173377,1.131074,1.282759,1.154648,1.152136,0.993891,0.821902,0.671467,0.643408,0.446360,0.387607,0.269313,0.418462,0.335894,0.225043,0.245526,0.389563,0.065940,0.137378,0.152023,0.063970,0.082675,0.109062,0.027588,0.092213,-0.068255,0.133444,-0.057455,0.005242,0.140318,0.044267,0.071615,-0.046078,0.032505,-0.008566,0.074470,-0.053964,0.122634,0.008698,0.066057,0.066978,-0.103845,-0.051126,-0.050651,0.102477,0.073873
1,lorentzian,-0.032246,0.093683,-0.129899,-0.042162,0.081665,0.033342,-0.005896,-0.001887,0.010882,-0.000880,-0.011803,0.040847,-0.079161,0.082259,0.011043,0.023643,0.001266,0.058870,0.070711,-0.017999,0.080782,0.050843,0.044483,0.093574,0.094996,0.100900,0.082031,0.170460,0.091329,0.026384,0.079619,0.170220,0.212461,0.136202,0.235070,0.295165,0.230791,0.213659,0.235145,0.445282,0.530492,0.475560,0.676306,0.725941,0.934474,1.074069,1.093923,1.164221,1.152161,1.013680,0.893968,0.771982,0.769680,0.610616,0.589379,0.372105,0.279640,0.358371,0.279392,0.163563,0.325697,0.359863,0.125528,0.126606,0.269306,0.142638,0.125629,0.187497,0.035034,-0.030047,0.066166,0.110279,0.169510,0.042188,0.048102,-0.027846,0.120867,0.066741,0.022071,0.028302,0.079343,-0.020833,-0.028807,-0.001598,0.038350,-0.035665,0.080618,0.049361,-0.050953,0.020075,-0.052281,-0.008572,0.010903,0.053749,0.073731,0.042265,0.045054,-0.006887,0.015981,0.029497,0.060376
1,lorentzian,-0.085288,0.041064,0.200546,0.149621,0.035221,0.015049,0.076510,0.189644,-0.109187,0.095789,-0.035710,-0.105791,-0.008542,-0.060873,-0.150014,0.227995,0.215578,0.015869,0.063090,0.394248,-0.024668,-0.098410,0.110673,-0.034804,0.066934,0.163069,0.248695,0.164319,0.290262,0.195716,0.288156,0.184772,0.215724,0.288755,0.265995,0.418414,0.433458,0.673082,0.693465,0.914272,1.148545,1.149022,1.190671,1.163713,1.069338,1.138788,0.925012,0.682533,0.699830,0.596719,0.328363,0.497454,0.257310,0.162583,0.265749,0.141678,0.211532,0.217909,0.020086,0.083210,0.169538,0.122337,0.006281,0.034826,0.275196,0.090693,0.105468,0.224715,-0.053079,-0.046272,0.146180,-0.025666,0.037621,-0.044838,0.031808,0.098799,0.172734,-0.242272,0.099226,0.169726,-0.024934,-0.008465,0.044074,-0.039926,-0.179996,0.055254,0.153180,-0.005706,0.077623,-0.129301,-0.113412,0.064409,0.103550,-0.223568,0.114104,-0.041652,-0.176188,-0.102298,-0.045560,0.032680,-0.085540
0,gaussian,0.006599,0.022813,0.013911,-0.009855,-0.014519,-0.000081,-0.020809,-0.022010,-0.008608,-0.003350,-0.016531,-0.024459,-0.002398,0.004995,0.023546,-0.010122,-0.001002,0.007555,-0.015833,0.014556,0.007472,-0.004552,0.005410,0.012902,0.002801,0.018343,0.034100,0.006950,-0.001625,-0.017601,0.019791,0.001346,-0.009848,-0.001682,-0.017015,-0.003130,0.005015,0.015640,-0.029098,-0.001485,-0.011024,-0.003777,0.017592,0.067533,0.226833,0.564551,1.145746,1.956128,2.662516,3.013172,2.711495,2.048062,1.251166,0.619361,0.244740,0.075195,0.028878,-0.011476,-0.008652,0.006551,-0.007446,0.007230,0.012878,0.013522,-0.031245,0.014264,-0.010553,-0.006345,-0.014144,-0.013018,0.010595,0.004482,-0.001449,0.003837,-0.016935,0.023800,-0.014769,0.012412,-0.006328,0.005371,-0.021991,0.015576,0.000246,0.010547,-0.008126,-0.028952,0.004103,-0.002770,0.016402,-0.025378,0.027084,0.000697,-0.009800,0.010568,0.003330,0.000320,0.001463,0.002779,-0.015872,0.012014,-0.008704
1,lorentzian,-0.005879,0.152214,-0.113267,-0.017036,0.042413,0.118834,0.003214,-0.070587,-0.067220,-0.031709,0.048777,0.056404,0.054900,0.040339,0.004620,0.049475,0.031296,-0.042485,-0.071489,0.053447,-0.025819,0.026722,0.081677,0.052254,-0.025863,0.112502,0.069221,0.129082,0.032700,0.132817,0.203174,0.087136,0.156203,-0.058990,0.192965,0.061950,0.060839,0.176397,0.178049,0.216452,0.167774,0.377927,0.295148,0.254851,0.400620,0.418041,0.534767,0.652558,0.870064,0.855975,0.997893,0.993854,0.946720,0.940047,0.834842,0.712003,0.692254,0.571529,0.535803,0.336766,0.386825,0.210486,0.322847,0.279476,0.247241,0.252921,0.080014,0.146588,0.133134,0.227204,0.047700,0.095293,0.229524,-0.015336,0.106480,0.095347,0.078539,0.100637,0.022535,0.049094,0.021403,0.181586,-0.107791,0.027782,-0.001110,-0.045926,-0.024683,0.072849,0.115262,-0.107137,-0.016782,-0.011485,-0.039664,0.036065,-0.076863,0.066440,0.005909,-0.021677,-0.103602,-0.001853,0.027061
0,gaussian,0.004372,0.005847,-0.013980,-0.049799,-0.003777,-0.041810,0.013155,-0.001761,0.014769,0.009446,0.015674,-0.009748,-0.033644,-0.008392,0.024604,-0.007943,0.008435,0.013893,0.007976,0.006108,-0.004293,-0.023698,-0.015921,-0.006162,-0.021754,-0.008668,-0.008401,0.005407,0.008253,0.037407,0.044692,0.009725,-0.005552,0.002882,-0.043699,-0.037314,-0.008552,0.021086,-0.011878,-0.003343,0.013856,-0.007339,-0.027413,0.002175,0.030727,0.088219,0.207102,0.599984,1.220065,1.936787,2.477044,2.546704,2.049650,1.316176,0.691852,0.278149,0.051123,-0.017029,-0.021050,-0.001762,0.001153,0.012949,-0.011333,-0.016069,-0.014518,0.049636,-0.005390,0.007753,0.000125,0.000590,-0.002320,0.018848,0.005903,0.002555,0.018100,-0.025452,-0.008263,-0.022568,0.000908,-0.007788,-0.002001,0.027415,-0.034087,0.003008,-0.000539,-0.015205,0.002608,0.014790,-0.012038,-0.009520,-0.005806,0.014475,-0.015730,0.026422,0.006018,-0.016093,0.007189,0.003187,0.011806,0.025198,-0.019882
1,lorentzian,0.029873,-0.026757,0.193270,0.060668,0.110444,0.051948,0.138264,-0.046559,0.013005,-0.043635,-0.070770,-0.002128,0.112214,-0.009374,0.101265,0.106171,0.085492,0.040281,-0.070667,0.112958,0.030160,0.152893,0.110041,0.034313,0.033450,0.060336,0.073338,0.017424,0.058837,0.042869,0.028978,-0.009402,0.109833,-0.141608,0.035923,0.178350,0.137969,0.043074,-0.012291,0.204027,0.188378,0.072994,0.147733,0.166922,0.332548,0.175182,0.317881,0.375092,0.453030,0.552839,0.660323,0.606541,0.880947,0.968223,1.163668,1.086134,1.154220,1.167630,0.901183,0.775259,0.656364,0.538741,0.466115,0.463699,0.350210,0.287777,0.205461,0.131856,0.248466,0.182766,0.108144,0.093318,0.135706,0.018431,0.091456,0.151225,0.066465,0.208702,0.024411,-0.025873,0.079952,0.115939,0.175764,-0.022584,0.051444,-0.135869,-0.108456,-0.035735,0.017336,0.158032,-0.032004,0.060999,0.043705,0.155468,0.027709,-0.119316,-0.038087,0.005944,0.008460,0.038906,-0.039696
1,lorentzian,0.019348,0.020506,-0.219756,-0.103333,-0.049982,0.027072,0.092102,-0.002125,-0.027980,-0.023827,0.055049,0.042683,0.115817,0.040313,0.171861,0.162416,-0.037386,-0.051631,0.038684,0.053766,-0.059816,0.131572,0.046435,-0.039022,-0.055540,0.140467,0.019178,0.208617,0.116521,-0.055960,-0.004574,0.078317,0.014431,0.130909,0.191076,0.253674,0.194140,0.058748,0.191856,0.373112,0.255287,0.251419,0.448419,0.486766,0.765539,0.703889,1.019773,0.937421,1.018255,0.867216,0.916884,0.756653,0.525487,0.467730,0.318656,0.201392,0.183366,0.209937,0.082711,0.152327,0.005887,-0.004769,0.113656,0.176130,0.052683,0.098846,0.086939,0.044305,-0.013723,-0.070116,-0.047872,0.059490,-0.042341,-0.006829,0.055148,0.094292,-0.084325,0.130572,0.174405,-0.071508,0.036804,-0.093963,0.080767,0.064836,0.083521,-0.006181,0.030145,-0.100121,0.102882,0.091363,0.026630,-0.027414,0.001754,-0.075842,-0.076851,-0.114980,-0.031392,-0.079144,-0.113777,0.207112,-0.116085
0,gaussian,0.002501,0.034341,-0.007240,0.039182,0.010662,-0.000940,-0.022385,0.006870,-0.003146,-0.001724,0.022535,0.015138,0.007081,-0.002330,-0.013054,0.001331,-0.005902,-0.007245,0.054412,0.008498,-0.026528,0.003124,0.026617,0.013841,-0.007898,0.003981,-0.019200,0.002597,0.004333,-0.014475,-0.005154,-0.012636,-0.015131,-0.015274,-0.003035,0.022643,0.013970,0.014258,0.007630,0.013686,0.082481,0.157266,0.369784,0.643864,1.136126,1.676662,2.292837,2.738800,2.902728,2.779583,2.357244,1.844534,1.214094,0.728993,0.409069,0.213195,0.071671,0.028090,0.022137,-0.023930,0.012414,0.008676,-0.017177,0.011291,0.001272,-0.007397,0.014287,-0.011481,0.033576,-0.001962,-0.013285,-0.002290,0.016698,0.022459,0.015397,-0.009949,0.010188,-0.000585,0.001387,-0.018695,-0.000630,0.004363,-0.019575,-0.005231,-0.003191,0.008359,-0.019373,0.013429,-0.018655,-0.007478,-0.008141,0.021305,0.022368,0.000925,-0.012830,0.022039,0.009342,0.011480,-0.023895,0.023345,-0.019751
1,lorentzian,0.053586,0.022024,-0.021005,-0.001687,0.001456,-0.241487,0.160729,-0.125716,-0.037431,0.079370,-0.099880,0.029207,-0.122609,-0.047718,0.013448,0.016940,-0.021518,0.005727,-0.106166,-0.005627,0.084744,0.070337,0.089901,0.093375,0.124692,0.127247,0.019969,0.070485,0.050813,-0.002242,0.139192,-0.072408,0.184560,-0.095601,0.028398,0.144407,0.005825,0.192618,0.050140,0.043665,0.125078,0.177930,0.332848,0.473819,0.425096,0.466031,0.409186,0.663442,0.826212,0.917337,1.047177,1.183151,1.297717,1.120594,1.096774,0.899482,0.770348,0.448549,0.315221,0.327394,0.376221,0.201726,0.166802,0.264894,0.225350,0.224282,0.051754,0.067543,0.121868,0.116234,0.087911,-0.088986,0.008312,-0.042003,0.148751,0.149559,0.165345,0.032835,0.030344,0.172407,0.013080,0.043878,0.014374,0.095309,0.065624,0.167454,0.091736,0.143746,-0.017688,-0.109234,-0.142302,-0.023208,-0.016727,-0.116117,0.019164,-0.054596,0.044134,0.037155,-0.027470,-0.051686,-0.124964
1,lorentzian,0.042916,0.098092,-0.005736,0.050607,-0.030957,0.069096,0.041898,0.079157,-0.031377,0.060026,-0.060631,0.060294,0.093030,0.085740,-0.073106,0.137974,-0.041289,0.015298,-0.010745,-0.063514,-0.008430,0.057986,0.013034,-0.055633,0.146190,-0.115322,0.048642,0.034313,0.006764,0.037412,0.122797,0.007966,0.132852,0.141797,0.126531,0.085423,0.226722,0.246930,0.359145,0.250108,0.374536,0.555710,0.552091,0.719829,1.167770,0.984250,1.186701,1.097991,1.201769,1.098014,0.808575,0.554370,0.500627,0.553397,0.391779,0.136160,0.174646,0.055807,0.169144,0.176580,0.070035,0.099131,0.117575,0.219170,0.069405,0.089089,0.000939,0.042820,0.030456,0.141157,0.165038,0.123309,0.103314,0.161029,-0.053879,0.040987,0.033316,0.049185,-0.076173,-0.005164,0.047425,-0.040758,0.049251,0.107257,0.009753,-0.119128,0.001148,0.054189,0.001417,0.025085,-0.001577,-0.030534,0.044518,0.047983,-0.039035,0.028638,0.137279,-0.027507,-0.015075,0.025127,-0.036740
1,lorentzian,-0.087410,-0.009525,0.169660,-0.027254,-0.047654,-0.082232,0.104215,0.028183,0.070469,0.000285,0.120298,-0.052324,0.060299,0.038533,0.004339,-0.077110,-0.189184,-0.180370,0.340896,-0.009920,-0.075637,-0.008851,0.043756,0.027929,0.115901,0.073541,0.075255,-0.062752,0.168381,-0.039435,0.067311,0.173694,-0.079506,0.085757,0.207078,-0.003396,-0.084180,-0.011319,0.133114,-0.118067,0.207989,0.166042,-0.040605,0.125145,0.207856,0.128602,0.280478,0.325566,0.268700,0.384796,0.373857,0.689342,0.785675,1.001472,0.976278,1.236195,1.306135,1.382505,1.438418,1.207244,1.150001,0.897028,0.809322,0.671690,0.428428,0.425948,0.303584,0.326431,0.383376,0.327369,0.132901,0.293210,0.178049,0.293629,0.029937,0.124442,0.074159,-0.146981,0.044517,0.251491,0.167668,-0.024012,0.087658,0.078418,0.047256,-0.065246,0.088041,0.115254,0.074638,-0.066962,-0.026871,0.084647,-0.041175,0.090704,0.246885,0.017737,0.047247,0.174771,0.105367,0.081873,0.117818
1,lorentzian,-0.030803,0.013515,-0.044850,0.034446,0.034345,-0.009098,-0.145695,0.029980,-0.006550,0.185260,-0.033595,-0.002670,0.029948,0.098980,0.099302,0.039435,0.000918,-0.017478,0.024683,0.066147,-0.103048,0.023622,0.031249,0.111761,0.037698,0.063355,0.093568,0.074657,0.068024,0.283785,0.133130,0.090428,0.232913,0.128715,0.199316,0.272949,0.287614,0.449048,0.528720,0.672888,0.830370,1.003751,0.967697,1.033613,0.852322,0.708334,0.589762,0.430863,0.348831,0.346811,0.293671,0.254502,0.207936,0.239594,0.140638,0.086051,0.023916,0.019637,0.153815,0.096666,0.067232,-0.050310,0.037437,0.124873,0.146453,0.037634,0.045728,0.127791,-0.053480,0.083660,0.038809,0.035412,0.158068,-0.027060,0.078060,-0.037838,-0.074856,-0.055505,0.062981,0.120397,0.042735,0.072812,0.120753,0.099328,-0.021438,-0.082888,-0.007931,0.095367,0.015497,-0.018818,0.054129,-0.017967,0.078662,-0.025724,-0.032410,0.066767,-0.101633,-0.024047,0.031538,0.034210,-0.049644
0,gaussian,0.007500,-0.009930,-0.022395,0.005168,-0.014328,-0.006545,-0.005227,-0.001766,0.008744,-0.022091,-0.013238,0.009629,-0.022365,-0.000323,0.008693,0.007909,0.001579,-0.013142,-0.001191,-0.012608,-0.003605,-0.036577,-0.025615,-0.002760,0.012315,-0.002053,0.014416,0.000915,0.036125,0.010794,0.018335,-0.016883,0.028100,0.006371,0.007548,-0.004296,0.008162,-0.002479,0.023774,0.017496,0.009465,0.010053,0.034524,0.109785,0.270109,0.480590,0.820329,1.319208,1.812248,2.257523,2.533294,2.513021,2.250105,1.781015,1.257979,0.817856,0.452558,0.232330,0.128529,0.044808,0.029309,-0.004023,0.008256,0.004160,0.020053,-0.011803,0.007305,-0.033248,-0.013798,-0.015874,0.005441,-0.015205,0.007536,0.021111,-0.018696,-0.019850,0.025948,-0.005695,-0.000664,-0.008789,-0.003758,0.003439,-0.016689,-0.003987,-0.018571,0.038807,0.022271,-0.013118,-0.027031,0.011739,0.010324,-0.004326,0.003099,0.010230,0.007042,0.024186,0.020575,-0.014127,0.001656,0.022990,-0.016391
1,lorentzian,-0.038766,0.012783,0.084575,0.090219,0.102558,0.025522,-0.103660,-0.086356,-0.033941,0.102028,-0.023905,0.045957,-0.012455,0.114110,-0.069586,0.113003,-0.004802,-0.019471,0.062796,-0.044628,0.060019,0.255728,0.133307,0.043975,0.123586,-0.033208,0.080351,0.081909,0.052314,0.108177,0.013482,-0.007028,0.059586,0.127321,0.005452,0.137949,0.097886,0.040195,-0.021928,0.186460,0.208566,0.273135,0.119004,0.226843,0.217807,0.402775,0.446659,0.517244,0.576599,0.975675,0.878893,0.990657,0.969897,0.891853,0.865404,0.769433,0.774700,0.625249,0.384979,0.325206,0.138259,0.304385,0.145973,0.121925,-0.027888,0.067343,0.117878,0.237948,0.238369,0.111555,-0.024503,0.111716,0.121651,-0.086441,0.095593,0.185857,0.092817,0.101980,0.021207,0.015595,0.055994,0.152993,0.122611,0.007524,0.093495,0.092888,0.114966,-0.092119,-0.045560,-0.134263,0.081123,-0.064194,0.024658,-0.101414,0.024849,-0.007467,-0.029471,0.001262,-0.004792,-0.064655,-0.095688
1,lorentzian,0.008294,0.064505,-0.040155,0.007174,0.072700,-0.079294,-0.044182,0.086378,-0.083476,0.049308,0.099736,0.155060,0.121114,0.073736,0.166879,0.025427,-0.057684,0.075685,-0.030508,0.087815,0.202687,0.005300,0.067802,0.132054,0.235967,0.083405,0.061899,0.223881,0.221064,0.284033,0.261345,0.430618,0.200080,0.327582,0.440390,0.338289,0.413163,0.668031,0.771599,0.954827,1.040057,1.338470,1.405410,1.519497,1.413199,1.400991,0.912144,1.064858,0.827908,0.617838,0.583258,0.451631,0.420257,0.327593,0.458211,0.194529,0.323890,0.147048,0.298517,0.130274,0.138947,0.045076,0.073160,0.087516,0.041985,0.009224,-0.031517,0.078347,0.026514,0.130441,-0.084205,0.088188,0.056795,-0.159304,0.046070,0.162449,0.188366,-0.014903,-0.000721,0.052519,0.036474,-0.097661,0.010582,-0.012110,0.047472,0.015731,0.213082,0.211197,0.008830,0.236649,-0.102395,-0.046064,0.187449,0.023161,0.017314,0.096519,-0.023501,0.024417,0.161465,-0.184128,0.212145
1,lorentzian,0.062344,0.033587,-0.031139,0.031411,0.071010,0.011599,0.133439,-0.040808,-0.058484,-0.176648,0.044564,-0.072588,-0.035581,-0.038657,-0.080309,0.001421,0.058555,-0.001415,0.012993,0.077300,-0.019479,0.083593,0.013880,0.081343,0.032564,0.023191,-0.055508,0.020530,0.097453,0.028108,-0.008554,0.090486,0.030226,0.083540,-0.001379,0.061457,-0.080919,0.099313,-0.049509,0.119648,0.197345,0.342048,0.212252,0.038027,0.295572,0.179022,0.288225,0.283143,0.369412,0.554093,0.410685,0.544392,0.864241,0.848558,0.998136,1.095411,1.258134,1.340612,1.257491,1.190247,0.936255,0.721797,0.721197,0.656138,0.501128,0.541861,0.342887,0.505152,0.218584,0.170911,0.329683,0.140918,0.173244,0.149154,0.125683,0.040475,0.130595,0.123846,-0.114891,0.212168,0.139140,-0.035866,0.060023,0.046898,-0.054071,0.007218,0.032937,-0.075300,0.031936,0.127215,-0.013640,0.059321,0.108863,0.033086,-0.058379,-0.075143,-0.061121,-0.010432,0.098852,0.034217,0.054365
0,gaussian,0.002920,0.008606,-0.007542,0.005305,0.006068,-0.025689,0.003585,-0.020499,0.020403,-0.009429,0.003979,0.015141,-0.013647,-0.012704,-0.008313,0.022081,-0.016731,-0.002461,-0.000962,-0.002088,-0.001415,-0.009067,-0.013084,-0.005107,-0.027810,0.022908,-0.010071,-0.006898,-0.010323,0.003797,-0.015897,-0.020411,0.005203,-0.000594,-0.011915,0.014557,0.002568,0.003578,-0.011436,-0.014287,-0.002817,-0.013401,-0.001998,0.008462,0.016887,0.025247,0.092127,0.271221,0.637650,1.219433,1.938988,2.571263,2.736820,2.404102,1.747833,1.043859,0.517025,0.199205,0.047651,0.032850,-0.008967,0.002110,-0.006981,0.008051,0.037831,0.021714,0.006425,-0.003541,0.007774,-0.001378,-0.001246,0.019341,-0.004550,0.015542,0.002480,-0.001224,-0.001791,0.002367,0.002131,-0.011662,0.007869,0.019162,0.012434,0.001959,0.013812,-0.009556,-0.009010,-0.012190,-0.012074,-0.010876,0.000393,-0.001748,-0.005394,0.008104,-0.002751,0.013737,0.020689,-0.006767,0.024606,-0.002826,-0.001125
1,lorentzian,-0.092960,0.026455,-0.012913,-0.018712,0.068966,-0.023565,0.048043,-0.048277,-0.036354,-0.005056,0.053167,0.027784,0.008332,0.062358,-0.070063,0.053606,-0.031531,0.057323,-0.077095,-0.021083,-0.025851,0.150427,0.079191,0.053705,0.000593,0.083581,0.095976,-0.001783,0.041270,0.013797,0.093134,0.078965,0.040722,0.092155,0.090572,0.009743,0.085266,0.099342,0.060635,-0.039484,0.106211,0.166680,0.098056,0.166063,0.383943,0.267970,0.424780,0.453916,0.561486,0.644577,0.823088,0.997950,1.094610,1.107039,0.980350,0.897598,0.637851,0.490221,0.480472,0.397429,0.286284,0.199106,0.258961,0.173035,0.025292,0.180597,0.272397,0.026187,0.114947,0.108753,0.064305,0.077453,0.067331,0.058232,0.089544,0.073929,0.082690,-0.109418,-0.061080,0.016968,0.086790,0.051135,0.075941,-0.024044,0.042453,0.092306,-0.020001,0.051371,0.116920,0.103958,0.017643,0.026530,-0.020961,0.071864,-0.029724,0.015702,0.034882,-0.015929,-0.076844,-0.025240,-0.051819
0,gaussian,-0.023502,-0.021350,0.001036,-0.028596,0.000409,-0.000589,-0.020632,-0.036325,0.006366,0.025844,0.004885,-0.027639,-0.002829,-0.019685,0.030910,-0.004917,0.002237,0.008139,0.015772,-0.003280,0.007475,0.003720,-0.020818,-0.015177,0.006092,-0.023034,-0.014289,-0.020488,0.003873,-0.007547,0.002689,-0.031968,-0.009817,-0.021578,-0.016687,-0.007647,-0.008934,0.013418,0.000836,0.000249,0.019794,0.020676,0.026006,0.064635,0.131420,0.342371,0.600881,1.070213,1.614559,2.154525,2.568416,2.599151,2.301825,1.864986,1.278097,0.767975,0.423103,0.193970,0.064575,0.010957,0.005777,-0.003071,-0.007031,-0.009368,-0.005356,-0.007032,0.014797,0.031653,0.024304,0.009443,-0.001097,-0.010417,0.001181,0.013757,0.032681,-0.003890,0.020743,0.039320,-0.038153,-0.021190,-0.006917,-0.011778,-0.006489,0.033534,-0.014697,0.013252,-0.006524,0.006708,-0.013433,0.001246,-0.012010,-0.021942,-0.007194,-0.021970,0.008004,0.035083,-0.010928,0.002385,-0.022719,0.016937,0.006248
0,gaussian,0.003536,-0.007543,-0.024514,0.006552,0.018591,-0.018493,-0.009151,0.006053,0.000013,-0.008403,0.006988,-0.001062,-0.016738,-0.005550,0.019026,-0.013584,0.015495,0.004601,0.016869,0.015430,-0.012033,-0.004722,-0.006903,0.016191,-0.014153,0.012528,0.019876,-0.005758,-0.007449,0.008178,0.009704,0.003958,-0.004358,-0.003409,0.015604,-0.012306,-0.002690,0.013891,0.011092,0.007543,-0.010114,-0.011555,0.006394,0.057502,0.108904,0.252865,0.501896,0.927916,1.424232,1.963175,2.426462,2.656101,2.575231,2.209122,1.672714,1.141296,0.701507,0.381173,0.185001,0.084152,0.015703,-0.004271,0.008118,-0.017809,-0.000947,-0.008868,0.004262,0.004129,-0.018470,-0.013854,-0.001678,-0.001499,-0.000272,-0.015770,-0.007091,0.004715,-0.001861,-0.002206,0.009024,0.008406,0.005460,0.011742,-0.010264,0.004233,-0.017100,-0.001803,0.017155,0.004171,0.017452,0.003349,-0.012215,0.030682,0.000603,0.020796,-0.009807,-0.002576,0.019314,0.007665,-0.004625,0.005750,0.008232
1,lorentzian,0.053219,-0.103560,-0.033824,-0.020803,0.105518,0.015820,0.053970,0.059573,-0.029348,-0.066670,-0.006176,-0.035862,-0.135284,0.035469,0.022182,-0.000807,-0.037051,0.064038,-0.020138,0.112053,-0.005150,-0.012594,0.041093,-0.055132,0.071565,0.197787,0.088691,0.132438,0.278204,0.115433,0.183708,0.166801,0.228235,0.240554,0.351882,0.225685,0.437459,0.474002,0.642666,0.664109,1.004088,1.024132,1.018237,0.951035,0.965425,0.777144,0.686381,0.636922,0.421250,0.480380,0.327031,0.286160,0.325097,0.202550,0.226083,0.138915,0.107577,0.072825,0.080574,0.051447,0.007321,0.057666,0.088429,0.035902,0.044477,-0.004791,0.004482,0.126855,0.030515,0.050100,0.013066,-0.026992,-0.046857,0.006005,-0.030229,-0.005525,0.039261,-0.039572,-0.157245,0.044351,0.071482,-0.162191,0.049094,0.053912,0.130651,-0.102981,-0.067853,-0.041559,-0.080547,0.027365,0.016977,-0.012944,0.054124,0.042118,0.132876,0.030435,-0.014842,0.023158,0.092113,-0.072969,0.056841
0,gaussian,-0.014786,0.025931,0.024548,-0.031615,-0.028921,-0.033785,0.036616,0.001725,-0.001031,0.010942,-0.018978,-0.003552,-0.023312,0.011927,-0.018747,0.007109,0.020893,-0.002308,0.016265,-0.023832,-0.023452,0.004331,-0.004194,-0.027805,-0.009514,0.023674,-0.013904,0.000496,-0.007705,0.003805,0.006881,0.011646,0.010252,0.016256,0.008396,0.003854,-0.010126,-0.060537,-0.007715,-0.015315,-0.012288,-0.028187,0.035125,0.023033,0.161431,0.338037,0.677346,1.156181,1.732105,2.221439,2.503303,2.478791,2.111268,1.587581,1.030299,0.600760,0.318847,0.128941,0.049129,0.003717,0.036128,0.001557,0.011321,-0.003859,0.009133,-0.035833,0.002619,-0.012156,0.025770,0.015283,-0.005519,-0.014261,-0.018582,0.011065,-0.013647,0.033523,-0.020718,-0.013024,-0.019914,-0.028739,0.007694,-0.015965,0.022805,0.000626,-0.037368,-0.017039,-0.001127,0.024250,-0.010510,-0.006618,-0.030646,0.024006,-0.044474,0.004354,-0.001087,0.005539,0.011793,0.020234,0.000137,-0.034539,0.030518
0,gaussian,-0.028217,-0.000560,-0.011229,-0.026485,0.025534,-0.008621,-0.014114,0.019355,-0.023189,-0.024006,0.002285,0.015592,0.012600,-0.006050,-0.018039,0.028915,0.059932,0.017863,0.002240,0.013433,-0.007124,0.002679,-0.007455,-0.002906,0.002523,0.005162,-0.005086,0.030940,-0.002708,0.012483,0.019806,0.024204,-0.024756,0.008801,0.013652,0.006694,-0.005165,0.026869,-0.004280,0.028339,0.055371,0.157444,0.328835,0.580450,1.020414,1.614901,2.217130,2.729354,2.983600,2.869293,2.492006,1.936528,1.383606,0.792689,0.450426,0.228424,0.109974,0.037849,0.009782,0.008961,0.002654,0.000884,0.013559,-0.017054,-0.004443,0.020040,0.000705,-0.003857,-0.016112,-0.004894,0.004019,0.004554,0.012802,0.008933,0.026602,-0.010536,0.037358,0.019672,0.014561,-0.028715,0.022259,-0.042921,-0.000563,-0.068898,-0.003600,0.006337,-0.000950,-0.011470,-0.006563,-0.046492,0.002487,-0.013008,0.013175,0.029328,0.027518,-0.023632,-0.016091,0.000095,0.015668,-0.009685,-0.004668
0,gaussian,0.001292,-0.000900,-0.012200,0.006609,0.002442,-0.016059,-0.009619,0.001490,-0.022232,-0.018434,-0.035696,0.001922,-0.014680,-0.008074,-0.001797,-0.008270,0.011577,0.008050,0.004657,0.001545,0.024023,0.014128,0.015168,0.001202,0.046658,-0.025219,-0.007498,-0.029232,0.008479,0.020125,-0.010325,0.015395,-0.023669,-0.003587,0.002260,-0.006185,-0.021637,-0.015487,0.016137,0.022156,0.007799,0.033062,0.079204,0.220728,0.446910,0.821855,1.351646,1.970709,2.503370,2.795365,2.755167,2.314736,1.718505,1.153152,0.633101,0.319658,0.156513,0.046785,0.048354,-0.003169,0.009133,-0.010337,-0.010565,0.017548,0.012834,-0.004515,0.005539,-0.008523,0.010619,0.036186,-0.014999,-0.016101,-0.009079,-0.005380,-0.021303,-0.026229,0.011225,-0.007101,0.038360,0.035368,0.006301,-0.011968,-0.025554,-0.011362,-0.018392,-0.005124,0.012253,-0.018723,-0.039595,-0.022085,-0.011585,0.002365,-0.017409,-0.016430,0.026361,-0.009569,-0.031669,-0.021510,-0.016326,-0.004854,-0.023595
0,gaussian,-0.012453,-0.008098,-0.012849,-0.007496,0.015138,0.011112,-0.023798,0.001311,0.000496,-0.023445,0.002705,-0.016099,0.030001,-0.003006,-0.010755,0.007667,-0.003826,-0.002677,-0.003421,0.002554,-0.014385,-0.001621,-0.036806,0.022232,0.017406,0.021833,-0.007033,0.000752,-0.004385,-0.011510,0.001077,-0.009372,-0.007164,0.017820,-0.002870,0.006314,-0.020281,-0.006275,-0.012440,-0.002686,-0.005337,0.013666,0.008394,0.029290,0.064738,0.167733,0.431134,0.847839,1.426302,2.107229,2.623677,2.891900,2.676072,2.140628,1.486516,0.885437,0.430990,0.186650,0.073629,0.019278,-0.007497,0.006191,-0.000483,0.010585,0.000887,0.011336,-0.003286,0.000691,0.022082,0.008155,0.023404,-0.021197,-0.019106,-0.011108,-0.002246,-0.020388,-0.008464,-0.014855,-0.003127,-0.023250,0.000090,0.006076,-0.006425,0.019502,0.007368,-0.015449,-0.010609,-0.021207,0.014356,0.005590,-0.003103,-0.024074,0.019091,-0.004162,0.010305,-0.007540,0.009432,-0.005294,-0.007747,0.011325,0.013958
1,lorentzian,-0.001920,-0.001421,-0.025604,-0.018986,-0.039950,-0.078783,-0.013446,-0.149917,-0.030878,0.040715,0.006330,-0.052209,0.077578,-0.032977,-0.050297,0.022275,-0.007386,0.027387,-0.045801,0.054552,-0.090226,0.030054,0.033044,0.020001,0.072834,0.015415,0.104770,0.150090,0.026761,0.124938,0.016557,0.191039,0.066998,0.059163,0.085724,0.058024,0.093082,-0.058125,0.042875,0.191286,0.000969,0.065216,0.172460,0.099242,0.287165,0.147622,0.227778,0.308433,0.233496,0.455794,0.499611,0.701452,0.900289,1.137909,1.356388,1.331199,1.581727,1.348270,0.954208,0.782071,0.610295,0.541420,0.478895,0.449009,0.310986,0.150382,0.387909,0.071968,0.178332,0.135245,0.124418,0.141071,0.133393,0.032129,-0.038104,0.126599,0.151299,0.113253,0.085259,-0.015793,0.059546,0.004774,0.139099,0.044227,0.078449,0.000284,0.065964,0.106963,0.068305,0.058944,0.010027,-0.004244,-0.022920,0.026857,0.131888,0.012186,0.148213,-0.058775,0.014491,0.004266,0.011295
1,lorentzian,0.098424,-0.041246,0.057957,0.147620,0.173307,0.093095,-0.154674,0.004949,0.005198,-0.076194,0.075079,-0.040450,0.124983,-0.030279,-0.050893,-0.063220,0.074913,0.096565,-0.130722,-0.013817,-0.061849,0.026152,0.062400,-0.156816,0.062371,-0.191672,0.009521,-0.004917,0.177008,0.044205,0.195006,0.163371,-0.067614,0.109580,-0.033335,0.032123,0.221948,0.234123,-0.001565,0.243370,0.172444,0.179150,0.344395,0.376180,0.507887,0.395273,0.566818,0.587349,0.949357,1.259270,1.387365,1.561343,1.590910,1.222805,1.159754,0.888438,0.683737,0.682393,0.577412,0.264535,0.294259,0.348155,0.090020,-0.019110,0.069839,0.127719,0.156453,0.261587,0.080048,0.058230,0.042098,0.057957,0.154937,0.039782,0.194042,-0.002058,-0.080035,0.108107,0.010158,-0.126683,0.021955,0.073161,-0.162482,-0.158192,-0.119928,0.113549,0.258896,-0.047580,-0.031488,0.046973,0.083753,0.108836,0.115574,0.174863,-0.179238,0.081267,-0.136603,0.155469,0.081530,0.012662,0.104054
1,lorentzian,-0.104009,-0.073214,0.082086,-0.032621,0.171271,0.004852,-0.085654,0.030691,-0.117887,0.092189,0.010575,0.070165,0.047858,0.075936,0.093401,-0.102183,0.123399,0.081577,0.039370,0.060801,0.007439,0.123954,0.083242,-0.052366,0.010471,0.014880,0.070492,0.131781,0.081999,-0.051934,-0.058030,0.108547,0.012409,0.028955,0.096918,0.122863,0.024276,0.098043,0.085738,0.033836,0.107148,0.266913,0.237556,0.021228,0.126657,0.264217,0.462203,0.331173,0.442089,0.410797,0.501552,0.559111,0.766839,0.701921,0.797181,1.057604,1.193402,1.324618,1.114368,0.996940,1.048509,0.839928,0.695018,0.676253,0.488284,0.327024,0.479731,0.367737,0.283030,0.118881,0.122096,-0.025125,0.153703,0.090890,0.129427,0.231840,0.173221,0.039958,0.037215,0.195073,0.015837,0.140864,-0.127862,0.095677,0.123523,0.029476,0.174599,0.188397,-0.028339,0.064345,0.072620,0.040875,-0.058581,0.181595,0.013145,0.147743,0.048376,-0.016955,0.172661,0.021459,0.159901
0,gaussian,-0.024569,-0.005120,0.007548,-0.007581,-0.021341,0.045768,0.008472,0.008502,-0.019273,-0.012429,0.011356,-0.002454,0.019253,0.031367,-0.023638,-0.027068,0.020735,-0.000764,0.013379,0.026140,0.025241,-0.034579,0.012081,0.029822,-0.003854,-0.016072,-0.018607,0.004339,-0.011814,-0.003000,-0.023353,0.005883,-0.018638,-0.036248,0.015968,-0.014665,-0.008022,0.003092,0.002478,0.025889,0.074438,0.181552,0.339220,0.615001,1.020913,1.573165,2.123119,2.575136,2.706067,2.537041,2.168349,1.630435,1.055192,0.646810,0.341451,0.169257,0.059824,0.034858,-0.011648,0.005922,0.012343,-0.005904,-0.018134,-0.013815,0.019932,0.030063,0.010346,0.033213,0.000247,0.016533,-0.001786,0.020299,0.009523,-0.007670,-0.002006,0.036338,0.013267,-0.027391,-0.011387,-0.004887,-0.010285,0.009243,-0.018101,-0.000594,0.001606,0.020366,-0.024359,-0.001882,-0.033276,0.012972,0.007196,0.001191,0.010996,-0.033829,0.008075,-0.012138,0.031879,0.004946,0.034970,0.034087,-0.009231
0,gaussian,-0.016197,-0.013364,-0.000305,-0.006361,0.000811,-0.000582,0.016371,-0.002549,-0.000727,-0.003708,-0.001607,-0.003497,0.004108,0.012836,-0.005960,0.005568,-0.008152,-0.007892,-0.007081,-0.006366,-0.019652,0.005451,-0.008216,0.009171,-0.001258,-0.001318,-0.005846,-0.004889,-0.021299,0.006853,-0.007168,0.009255,-0.005794,-0.005061,-0.011902,0.004735,0.021854,0.016218,0.021321,0.005099,-0.006131,0.018969,0.003034,0.019639,0.013155,0.064407,0.221754,0.507505,1.087169,1.803414,2.484411,2.803987,2.568319,1.945036,1.168769,0.594202,0.248437,0.079635,0.041667,-0.006529,-0.002801,-0.001799,0.017979,0.023558,0.003810,-0.017103,-0.005885,0.005500,0.007455,0.013618,0.007164,0.016234,-0.008757,-0.011861,0.002713,0.006827,0.002648,0.005915,-0.009347,0.000656,0.009711,-0.002972,0.012972,0.008931,-0.029014,-0.009492,0.016776,-0.012172,0.003452,0.004404,0.014473,-0.009681,-0.005435,-0.006139,0.005314,0.006505,-0.004033,0.010991,0.007221,-0.016968,-0.011297
1,lorentzian,-0.075626,0.103338,0.043827,-0.002801,-0.018990,0.052826,0.061452,0.024897,-0.043063,0.002869,-0.054306,-0.002021,0.037754,0.005957,-0.017831,0.000983,0.079103,0.026257,0.174960,0.163790,0.108547,0.061914,0.054740,0.036755,0.085111,0.135818,0.098563,0.110251,0.144200,0.220128,0.069177,0.040339,0.151554,0.231742,0.273275,0.284555,0.445728,0.358029,0.507050,0.791941,0.785634,0.885739,1.048573,1.038132,0.895213,0.926760,0.860396,0.777382,0.638478,0.602880,0.407286,0.394889,0.366955,0.275096,0.296463,0.195386,0.052741,0.198449,0.024727,0.124426,0.026967,0.117775,0.133916,0.131346,0.140081,0.096168,0.051346,0.157513,0.018929,0.039598,0.003258,-0.098965,0.079531,-0.063809,0.102261,0.172892,0.070324,0.006721,0.104388,-0.041927,-0.034028,0.094860,-0.053451,-0.029865,0.115183,0.001233,-0.015737,-0.097454,0.076926,0.033498,-0.042561,0.004094,0.006312,-0.017823,0.092446,0.000367,-0.008624,0.079542,-0.064856,0.036443,-0.063584
0,gaussian,0.000312,0.003081,-0.004676,-0.002418,-0.015049,-0.030732,0.003428,-0.010335,0.004663,0.011066,-0.000186,0.003072,-0.017435,0.009490,-0.020718,-0.005858,-0.011936,0.000299,-0.001438,-0.018306,-0.007183,-0.016494,-0.007428,0.003936,-0.018241,0.019766,-0.005912,0.007966,0.026604,-0.019577,-0.005614,-0.003573,-0.011018,0.013147,-0.002245,0.015129,-0.006557,0.004193,-0.005210,-0.005022,0.002704,0.006900,-0.009752,-0.007793,0.002952,0.041501,0.125579,0.378502,0.848101,1.472271,2.159772,2.583158,2.467698,1.937693,1.253813,0.654305,0.289222,0.078239,0.028175,0.007610,0.000123,-0.008264,0.002434,0.014239,0.000998,0.001940,0.004423,-0.002685,-0.007944,0.003717,0.017567,0.007718,-0.002752,0.014020,0.010899,0.014396,-0.022287,0.002619,0.021498,0.020625,-0.000716,-0.006977,-0.009728,-0.000618,-0.001009,0.005101,-0.002328,-0.007817,-0.002917,-0.002480,-0.005991,-0.017025,-0.002414,-0.006715,-0.004127,-0.012191,0.006933,0.004400,-0.028486,0.011408,0.001142
1,lorentzian,0.025885,-0.088029,-0.043340,0.018249,0.145537,0.019148,0.019358,-0.115122,-0.139247,0.039680,0.084014,0.142994,-0.014210,0.155390,0.083642,0.203789,-0.005394,-0.000566,-0.074106,0.066427,0.176920,0.088607,-0.057920,0.306324,0.051229,-0.016314,-0.003990,-0.036969,0.007724,0.013744,0.078548,0.156829,0.008098,0.135755,0.112303,0.039510,0.129373,0.075903,0.165011,0.279285,0.115902,0.369036,0.483434,0.324987,0.357398,0.436188,0.420500,0.580779,0.551944,0.932882,0.920665,0.919062,1.185147,1.302990,1.460844,1.435326,1.500260,1.368351,1.081692,0.799937,0.827347,0.785126,0.626706,0.592405,0.351861,0.273689,0.320133,0.307851,0.321468,0.135076,0.117398,0.157740,0.104583,0.191142,0.112423,0.074217,0.162761,0.118220,0.155134,0.131254,0.177516,0.082721,0.082245,-0.020810,0.133034,0.026451,0.114171,-0.003805,-0.027503,0.065070,-0.135240,0.138323,0.114024,0.134701,-0.074676,-0.033097,0.178961,0.128066,0.073638,0.093601,-0.064381
1,lorentzian,-0.026332,0.117850,-0.124743,-0.066562,0.204496,0.088754,-0.008118,-0.084406,0.141670,-0.053240,-0.020608,0.028506,-0.155854,0.273964,0.033596,-0.108662,0.060186,0.110461,0.097860,0.210048,-0.053134,0.249917,0.282337,0.194850,0.094794,-0.003506,0.123347,0.264417,0.060567,0.239924,0.188035,0.078435,0.374421,0.428246,0.324100,0.475315,0.470209,0.767709,0.662551,0.795574,1.044470,1.200163,1.397681,1.229413,1.285040,1.083591,0.963557,0.868692,0.588553,0.627869,0.453111,0.366280,0.398012,0.208150,0.169901,0.200966,0.360490,0.019596,0.354807,0.231534,0.141462,0.162791,0.153885,0.254291,0.169814,0.127123,0.000535,-0.024236,0.129127,-0.029416,-0.013474,0.161836,0.047663,-0.018751,-0.075343,0.124547,0.087274,0.108432,0.194836,0.024189,-0.068892,0.090474,0.004980,-0.205853,0.173657,0.200778,0.028358,0.182848,0.012972,-0.093189,-0.201232,0.082658,0.001713,0.053772,0.099536,0.157476,0.117733,0.039714,-0.002591,-0.033861,-0.007085
0,gaussian,-0.020361,0.006902,0.026875,-0.006382,-0.014142,-0.008251,-0.001063,-0.006360,-0.013208,-0.021261,0.004290,-0.010594,-0.025870,0.013894,-0.018460,-0.001634,0.008835,0.007626,0.023041,0.005674,-0.007328,-0.001220,-0.017104,-0.001988,0.010247,0.016439,-0.029978,0.008669,-0.005575,0.043004,0.027852,-0.011609,-0.016682,-0.029720,0.006289,-0.002546,0.009358,-0.000374,-0.031304,-0.014279,-0.023029,0.004945,0.000939,0.018450,0.065646,0.221009,0.430787,0.835776,1.416824,2.001144,2.585813,2.842618,2.768498,2.258625,1.609997,1.025663,0.549205,0.278526,0.101820,0.026229,0.003409,-0.036552,-0.007036,-0.007494,0.002669,0.007634,0.006237,-0.004961,-0.021591,0.018515,0.012989,0.025730,0.010945,-0.010490,-0.002835,-0.006518,0.004814,0.011170,0.004277,-0.013454,-0.005010,0.012600,0.010763,0.003868,0.023343,-0.010840,0.004530,0.014932,-0.006630,-0.018496,-0.011629,0.038596,-0.038377,0.008376,-0.005546,0.037768,-0.018863,-0.002283,-0.028448,-0.010974,0.001863
0,gaussian,-0.000131,-0.005611,-0.003059,0.011948,-0.015126,0.009508,-0.016238,0.002557,-0.006829,0.016934,0.001103,0.004592,-0.000401,0.002009,0.003087,-0.012110,-0.016068,-0.009003,-0.000267,-0.003880,-0.011151,-0.002156,-0.015334,0.007984,-0.008473,0.006398,-0.010470,-0.010927,-0.025448,0.003931,0.007261,-0.006356,0.008310,0.004935,-0.015115,-0.012521,0.009886,0.002317,0.006295,0.011537,0.002898,-0.019067,-0.001591,0.009349,0.049844,0.146237,0.305938,0.632923,1.122344,1.702659,2.280644,2.626357,2.598252,2.249549,1.649571,1.054409,0.605185,0.291351,0.122161,0.041603,0.021359,0.008302,0.001020,0.008943,-0.006200,0.004165,0.005580,-0.002316,-0.000840,0.013860,0.005799,-0.010684,0.009805,0.012598,0.002538,-0.010377,-0.001050,0.003375,0.027055,-0.003799,0.004315,-0.003413,0.004404,-0.014433,-0.001964,-0.002566,0.019150,-0.010098,-0.019577,-0.007643,-0.016055,0.008440,0.006971,-0.006389,-0.002614,0.000042,0.001409,0.016073,-0.010096,-0.004862,0.004601
0,gaussian,0.007435,-0.007781,-0.004997,0.010419,0.009013,-0.007294,0.011655,0.015419,-0.007634,0.004151,-0.000850,0.013342,-0.003686,0.001838,0.016161,-0.004037,0.000326,-0.005943,0.007296,0.006722,-0.012940,-0.020449,-0.004824,-0.013722,-0.012193,0.003298,0.020160,0.002571,0.037401,-0.012883,0.022224,0.010548,-0.013434,-0.002134,-0.007579,-0.008018,0.008653,0.011898,0.005909,0.004469,0.027501,0.042475,0.148159,0.336522,0.762853,1.319614,1.952290,2.500214,2.700443,2.514228,1.980815,1.346968,0.769612,0.375264,0.168898,0.056172,0.039303,0.018876,-0.003312,-0.007938,-0.014093,0.015449,-0.003340,0.001495,0.000685,0.007054,-0.011602,-0.000444,0.006696,-0.017518,0.000884,0.018160,0.003618,-0.004714,0.008596,-0.001569,0.000683,-0.000777,0.021402,-0.011332,0.000762,0.023399,-0.000373,0.015276,-0.002492,-0.021960,-0.003593,-0.000710,0.020616,0.009478,0.016841,-0.016218,-0.008211,-0.014980,0.009547,0.005534,-0.005041,-0.008396,0.013589,0.006732,0.011548
1,lorentzian,0.109440,-0.052712,0.046174,0.076738,0.024262,0.022459,-0.061718,0.107100,0.100054,-0.065841,0.117158,-0.078165,0.025939,-0.034955,0.106465,-0.000591,0.127246,0.224704,0.034112,0.104938,0.071126,-0.089416,-0.002614,0.205241,0.093165,-0.071963,-0.190358,0.039461,-0.061358,-0.047318,0.206287,-0.087613,0.117428,0.157842,0.036993,0.082092,0.185794,0.093267,0.136814,0.195028,0.373458,0.282894,0.114929,0.336729,0.314578,0.337197,0.473689,0.629647,0.936226,0.825020,1.104259,1.172796,1.341716,1.210072,0.973523,1.137615,0.725650,0.819907,0.575861,0.495794,0.296681,0.242116,0.335851,0.248248,0.331233,0.195588,-0.023820,0.156153,0.105642,0.152771,0.161382,0.245802,0.187651,0.130008,0.048666,0.067367,0.171416,-0.051222,0.032952,0.103423,-0.022425,-0.012088,0.229588,-0.129298,-0.003327,0.055839,0.062747,0.130379,0.054417,-0.033032,-0.017306,0.127291,-0.033727,0.040047,-0.110637,-0.061698,0.015204,0.112799,-0.033162,0.080648,0.062392
1,lorentzian,-0.149155,-0.089424,0.012781,0.115723,0.171913,0.052915,0.091165,-0.010003,-0.174437,-0.108670,-0.017110,-0.017204,0.136885,0.014643,0.100234,-0.002611,0.111115,0.065342,-0.023659,0.059101,-0.121374,0.086311,0.151750,0.073286,0.055882,0.014326,0.165733,0.122970,0.076207,0.165378,0.012227,0.079512,0.104982,0.079611,0.177263,0.185210,0.272768,0.340919,0.285661,0.552093,0.441963,0.689018,0.730417,0.944639,1.207433,1.080266,0.761208,0.821560,0.663371,0.279980,0.278963,0.271400,0.184965,0.291940,0.085866,0.192519,0.255651,0.140762,-0.067096,0.222746,0.155738,-0.047690,-0.063113,0.036496,0.146961,0.077779,0.073028,-0.067057,0.047338,-0.143055,0.066652,-0.013422,0.075568,-0.042889,-0.046638,0.053762,0.074939,0.089378,0.133335,0.200164,-0.059353,0.120197,-0.031163,-0.101584,0.080069,-0.092037,0.045075,0.144631,-0.002503,-0.076391,-0.002736,0.009003,0.154566,0.010710,0.134096,-0.018616,-0.017924,0.055718,-0.080003,-0.058728,-0.047831
0,gaussian,-0.030139,0.005903,0.019860,-0.004348,0.016903,0.008857,0.003810,-0.018431,-0.003264,0.004392,-0.007889,0.007495,-0.010052,0.014070,0.011587,-0.001798,-0.009151,0.017737,-0.007547,-0.019262,0.027886,0.026553,-0.004338,-0.014511,0.003178,0.016141,0.012591,0.023452,-0.005619,0.000959,0.003831,-0.024859,-0.013028,0.014063,0.012926,-0.007853,0.020491,-0.029118,-0.023350,-0.021140,-0.008875,-0.009073,0.010179,0.024766,0.128059,0.239263,0.566526,1.083081,1.664404,2.288997,2.557451,2.489839,2.046651,1.435204,0.868926,0.450293,0.176575,0.092174,0.020828,-0.009387,-0.013836,0.000583,0.004140,0.000239,-0.028170,-0.017986,0.010559,0.012681,0.017688,-0.024669,-0.031714,0.006306,-0.005715,-0.011871,0.035045,-0.009486,0.012926,-0.022512,0.010000,-0.019025,0.011887,0.011831,-0.026985,0.015588,0.013415,0.007376,0.001875,0.000487,-0.009970,-0.020660,-0.029384,0.006359,0.032323,-0.006492,0.031554,0.000052,-0.001309,0.000068,-0.003187,-0.042840,-0.029362
0,gaussian,-0.003819,-0.009549,-0.011314,0.000924,0.015655,-0.001995,-0.023881,0.007328,-0.008645,-0.003187,0.026540,0.040070,0.008650,0.014800,-0.021883,0.022112,-0.020034,0.002213,0.010739,-0.004706,-0.024521,0.004592,0.013928,-0.026939,-0.001436,0.022515,0.028571,0.024155,0.009608,0.010291,0.002191,0.032529,-0.020035,0.002229,0.009820,0.004228,-0.020832,0.002341,0.002306,-0.013259,-0.005401,0.005237,-0.009891,0.007702,0.045906,0.039832,0.167773,0.448486,0.863258,1.495457,2.154579,2.539812,2.522807,2.041001,1.394690,0.751785,0.324620,0.158503,0.035271,-0.008369,0.006671,-0.012450,-0.032367,-0.027084,-0.005776,-0.030276,-0.022336,0.040351,-0.000463,0.009619,0.013286,-0.023522,-0.030813,0.002615,-0.027259,0.036347,0.032644,-0.004728,-0.020530,-0.001613,0.025711,0.023691,0.022296,0.008696,-0.004618,-0.003515,-0.015453,0.000631,-0.024928,-0.018172,-0.011734,0.013117,0.002147,-0.001238,-0.017755,-0.006655,-0.011801,-0.014579,-0.010643,0.024607,0.004852
0,gaussian,0.017025,0.002175,-0.016824,0.018571,-0.002333,-0.009027,0.005265,0.018413,-0.012502,-0.016761,-0.007909,-0.016495,-0.024670,-0.025420,0.010444,-0.036033,-0.011381,-0.015888,0.026905,0.006708,0.001789,0.007961,-0.025642,-0.017278,-0.008816,0.013687,0.008063,0.000777,0.008782,-0.012194,-0.001296,0.004702,-0.015570,0.014253,-0.012461,-0.016025,0.009214,-0.002762,-0.009748,-0.029348,0.036179,0.067188,0.159563,0.411903,0.769933,1.343340,1.911592,2.419197,2.673742,2.512190,2.039305,1.469214,0.917650,0.469668,0.219657,0.068318,0.023043,-0.000485,-0.013945,0.006872,0.017547,-0.008162,-0.006732,0.005621,-0.003131,-0.023895,0.000582,0.009720,-0.010019,-0.004381,-0.017198,0.010928,-0.009386,0.016283,-0.013260,0.008214,-0.006896,0.018572,-0.015305,0.015360,0.004231,-0.010222,0.006266,0.008662,-0.016372,-0.001456,-0.019879,0.002634,0.026500,-0.015569,0.002530,-0.011984,-0.015088,-0.001652,-0.014264,0.006992,0.011553,0.011620,0.009314,0.005821,-0.015148
0,gaussian,-0.011587,0.017843,0.012628,0.008750,-0.014412,0.024564,-0.013838,0.011254,-0.004026,-0.008095,-0.019043,0.015087,-0.012739,-0.012887,0.005966,0.010862,0.009831,0.001198,-0.018074,0.000708,-0.025070,0.004475,0.006507,0.002301,-0.011784,0.012399,0.005778,-0.030230,-0.022602,0.004391,-0.006322,-0.014767,-0.004287,-0.013908,0.006824,-0.000409,0.000643,-0.015998,-0.026132,0.003712,0.004418,-0.015299,0.003247,-0.006389,0.018032,0.100699,0.331861,0.733704,1.361026,2.112363,2.592588,2.564289,2.036201,1.297139,0.638087,0.262197,0.094972,0.030151,0.010902,0.005020,-0.026064,-0.002447,0.017349,-0.035193,0.007620,0.032643,0.000861,0.004034,0.012868,-0.000376,0.013950,-0.030689,-0.005564,0.029947,0.027424,0.019527,0.014885,-0.010754,-0.001037,0.015765,0.005312,0.011987,0.019008,0.003202,-0.001951,-0.000784,0.007494,0.007804,-0.004852,-0.023964,0.007198,-0.001625,-0.006914,-0.002359,-0.004006,-0.029214,0.013500,0.011211,0.007940,0.024286,-0.013453
1,lorentzian,0.034221,0.107151,0.117882,0.069381,-0.003616,0.003669,-0.004738,0.168794,0.153830,-0.014119,-0.013123,0.081334,0.010402,-0.027267,0.136055,0.074171,-0.062820,0.233948,0.102539,0.096465,0.115141,0.245037,0.331505,-0.034616,0.128264,0.270784,0.170481,0.282336,0.204257,0.109174,0.153595,0.294688,0.238490,0.362789,0.303727,0.491338,0.165590,0.565899,0.573783,0.597187,0.770919,0.987035,1.252192,1.246269,1.103785,1.231532,1.203213,0.891558,0.737400,0.496611,0.674671,0.267297,0.394721,0.385190,0.349290,0.390467,0.251372,0.055299,0.077234,-0.007441,0.091657,0.128694,0.183975,0.069217,0.093322,0.107717,0.025749,0.152513,0.021891,0.084243,0.168302,0.150232,-0.112427,0.181616,0.018454,-0.240252,0.050163,0.093976,0.089530,-0.091594,0.323608,0.045372,0.080907,0.105872,-0.154288,0.135112,-0.125127,0.043221,-0.153912,0.055512,0.026493,0.148494,0.124405,0.024499,-0.043339,-0.004472,0.091438,-0.006995,-0.040522,0.077305,-0.051887
0,gaussian,0.010077,-0.013322,0.013563,0.008009,-0.005515,0.012598,0.016966,-0.007895,-0.011681,-0.012336,-0.006861,0.001121,0.013260,-0.004475,-0.012821,0.000725,0.014683,-0.003894,0.007666,-0.002864,0.009360,-0.011194,0.005618,-0.019531,-0.014675,0.006635,-0.009678,0.015050,-0.014139,-0.013536,0.005072,-0.008696,0.013407,0.018924,0.000923,0.000040,0.005816,0.004260,0.022167,0.014930,0.019663,0.097651,0.210611,0.455789,0.807038,1.318431,1.879911,2.347679,2.634778,2.565277,2.245956,1.717980,1.170888,0.706856,0.371564,0.187874,0.054422,0.029015,0.008836,0.013995,0.001065,0.016250,-0.013085,-0.000271,0.006521,0.000889,-0.004386,0.000024,0.003239,-0.010150,0.018144,0.014958,-0.001428,0.002349,0.015010,0.001233,-0.002009,0.001127,-0.010255,0.002920,-0.018958,-0.023033,0.015071,-0.010250,0.006888,0.009655,0.022579,-0.010448,-0.007755,0.000705,0.025542,-0.004407,-0.005700,0.003993,-0.003379,0.014279,-0.017023,0.009389,-0.011211,-0.002943,0.002024
1,lorentzian,0.037633,-0.029746,-0.108259,0.222391,-0.118805,-0.053258,-0.076879,0.163405,0.099826,-0.047678,-0.068912,0.042096,0.048053,0.014897,-0.079961,0.014686,0.098364,0.047913,-0.097770,0.095272,-0.159153,0.147174,0.058988,-0.057814,0.108574,0.051286,0.024776,0.038253,0.134275,-0.029918,0.118625,0.041525,0.109374,-0.092332,0.162815,0.148683,0.154710,0.164098,0.268380,0.027405,0.340673,0.434939,0.481408,0.604399,0.631697,0.720712,1.082177,0.987512,1.124748,1.071317,1.159187,1.040374,0.950785,0.660336,0.466952,0.474902,0.252532,0.369188,0.311720,0.170105,0.211511,0.110841,0.144081,0.132722,0.140515,0.056442,0.086084,0.116274,-0.044360,0.140894,0.148420,0.087293,0.014410,0.050255,-0.145097,0.116590,0.026341,0.075120,0.065455,-0.057779,0.033189,0.016338,0.210005,-0.155390,0.128785,0.077473,0.123844,0.079119,0.120470,-0.031893,0.098217,0.020904,0.187621,0.216747,0.141064,-0.027491,0.024188,0.020030,0.160708,0.025707,-0.135203
1,lorentzian,0.203006,0.024440,0.027598,0.029819,0.073321,0.145229,0.042154,0.105574,0.036886,-0.001630,0.099944,-0.180091,0.082966,0.053761,-0.027498,0.092293,0.096860,0.124848,-0.033384,0.068265,-0.030339,0.051273,0.016320,0.088598,0.023146,0.045106,0.163327,0.125923,0.138395,0.128199,0.112882,-0.026809,0.073221,0.136752,0.192464,0.303933,0.251608,0.125079,0.228864,0.430302,0.293670,0.384211,0.528471,0.652036,0.970269,0.898660,1.051640,1.241261,1.320620,1.263751,1.125185,1.052671,0.750499,0.773537,0.590921,0.325213,0.236594,0.359409,0.260895,0.233909,0.199655,0.175448,0.026886,0.171022,0.110058,-0.007189,0.050277,0.035256,0.042146,-0.034402,0.062978,0.088672,0.067747,-0.119616,0.153748,0.043642,-0.181265,0.058225,0.320472,0.062139,-0.001251,-0.013663,-0.015700,0.098311,-0.034476,0.116016,0.008525,-0.107266,0.046310,0.026695,0.090432,0.033473,0.062336,-0.001890,-0.096384,-0.020988,0.194070,-0.065018,-0.030638,0.100305,-0.057399
0,gaussian,-0.012210,-0.009608,0.007786,0.021334,-0.016874,0.002737,0.003975,0.002706,-0.000116,0.021114,0.016011,-0.003059,-0.005239,0.006670,-0.011811,-0.013215,0.012402,0.012062,0.001666,0.006940,-0.011830,-0.021624,-0.002692,0.004412,-0.005502,-0.002558,0.004049,-0.002450,0.004763,0.011929,-0.012240,0.018971,-0.021412,0.014458,-0.026155,-0.003709,0.015168,0.002020,-0.001479,0.000204,0.015240,0.007327,-0.001976,-0.000126,0.035192,0.094325,0.294379,0.704618,1.454352,2.243126,2.773761,2.693358,2.042383,1.231751,0.594975,0.225482,0.070243,0.018199,0.000495,0.000519,0.003475,0.015740,0.009885,-0.010152,0.002472,-0.006374,-0.003574,-0.019157,0.008136,0.000168,0.010914,0.001517,-0.001480,0.024643,-0.017867,-0.015110,0.010968,0.006967,-0.017406,-0.017428,-0.007803,0.013940,0.002117,0.013277,-0.001502,0.008459,-0.019606,-0.008571,-0.022495,0.009122,0.002738,-0.023232,-0.014478,-0.004076,0.009088,0.015678,0.005175,0.005391,-0.010886,0.003877,0.001367
1,lorentzian,0.105034,-0.168538,-0.120126,0.070689,0.045483,0.005913,0.097317,-0.106510,0.160243,-0.047374,-0.015465,-0.065055,-0.102799,-0.037386,0.122503,0.222621,0.118529,-0.058822,-0.026897,0.204827,0.054770,-0.043786,0.067057,0.115892,0.090239,-0.104625,-0.027393,-0.120178,0.018780,0.156014,0.092176,0.068762,0.042070,0.119538,0.140758,-0.028295,0.167395,0.139488,0.071601,0.263568,0.234038,0.319059,0.357606,0.208593,0.356419,0.442173,0.484905,0.808733,0.797958,1.058090,1.287234,1.374983,1.434579,1.357022,1.177162,1.045025,0.823843,0.835499,0.531294,0.565692,0.496667,0.288737,0.209066,0.215705,0.078498,0.203171,0.145624,0.026616,0.025080,0.133545,0.206673,0.067644,0.133161,0.174912,0.162134,0.224375,-0.007931,0.015676,0.103378,-0.007725,-0.025506,0.063879,0.080829,-0.081276,-0.140317,0.029739,0.063994,0.074219,0.050296,0.141952,0.080959,-0.017125,-0.018937,-0.134940,0.143491,0.004884,-0.063827,-0.051820,0.039381,-0.140751,-0.065423
0,gaussian,-0.009388,0.001491,0.006312,0.025617,0.005960,-0.015731,0.008120,-0.002357,0.017817,0.015364,0.002657,0.006746,-0.010111,-0.011093,0.007733,-0.010863,-0.009566,-0.012059,0.009455,0.013469,0.008338,-0.014608,0.007161,0.015497,-0.004091,0.006826,-0.001962,0.009156,-0.017392,-0.004884,0.000242,0.018810,0.019944,-0.002275,-0.007714,-0.004264,0.022063,0.015576,0.023316,0.000742,0.004647,0.025395,0.062990,0.209133,0.480711,1.000472,1.673835,2.392196,2.875476,2.887064,2.400641,1.664734,0.950975,0.446560,0.187958,0.051226,-0.004972,0.012790,0.018886,0.002182,-0.010738,0.002110,-0.017713,-0.003435,0.025028,0.010069,-0.017521,-0.009770,-0.000740,0.029050,0.005918,0.043812,-0.018382,0.015665,0.000100,0.012118,-0.007340,-0.020481,-0.000022,-0.020403,-0.006791,0.003509,-0.005583,0.010167,0.027132,0.011598,0.001166,-0.008025,0.013678,-0.017370,-0.006406,-0.019069,-0.011335,0.008492,0.017795,0.005743,0.002831,0.002853,0.007363,0.019973,-0.000963
1,lorentzian,0.104990,0.013198,-0.106051,0.044493,-0.027468,0.076395,-0.042612,-0.074289,0.098197,0.070743,0.047239,-0.003771,-0.059488,0.113904,-0.042752,0.015469,0.059399,0.049674,-0.024487,0.043976,-0.073805,0.060529,-0.035439,0.024725,0.037227,-0.028251,0.028755,0.070342,0.018787,0.082214,-0.005840,0.014693,0.040742,0.187571,0.074802,0.127170,0.143065,0.151254,0.154990,0.135338,0.170746,0.170502,0.145396,0.276999,0.268337,0.287899,0.379336,0.474300,0.609177,0.793761,0.912280,1.025479,1.107330,1.014337,0.884559,0.769168,0.718291,0.565410,0.336915,0.272106,0.338716,0.335236,0.302484,0.273543,0.121879,0.219815,0.047075,0.091177,0.134626,0.106589,0.096113,0.021983,0.083473,0.031030,-0.019987,0.104784,0.021382,0.066648,0.034187,0.029689,0.061901,0.055887,0.075450,-0.061228,-0.117888,0.036211,0.039623,0.051096,0.065302,0.000149,-0.002044,0.051971,-0.087783,0.128156,-0.034178,-0.039169,0.111251,0.078566,0.052331,0.117789,0.114995
1,lorentzian,0.016184,0.007340,-0.042041,-0.100312,0.010866,-0.011872,-0.015295,0.069325,-0.089490,0.048270,0.182565,-0.022085,0.101191,0.030714,0.143984,0.124640,-0.124529,0.142582,0.044185,0.006048,0.055112,0.117588,0.037476,0.029321,0.115437,0.083068,0.191304,0.097220,0.121546,0.251566,0.042935,0.396116,0.304252,0.169065,0.244896,0.301506,0.426853,0.523462,0.710981,0.722941,0.930137,0.964306,0.977058,1.207136,1.169061,1.124186,0.881919,0.861214,0.738458,0.652851,0.549692,0.513709,0.452968,0.355927,0.273729,0.290466,0.129871,0.053748,0.229193,-0.017614,0.190775,0.067736,0.183191,0.060053,0.106532,0.012234,0.213313,-0.087974,0.208603,0.057190,-0.067944,-0.000961,-0.063065,-0.041837,-0.068226,0.082736,0.023300,0.050470,0.016371,-0.013208,0.043952,0.086510,0.057192,0.046168,0.060294,-0.020964,0.191678,0.057315,0.060393,0.056311,0.007501,0.087755,-0.120567,0.092806,0.021590,0.070540,0.040947,-0.048412,-0.063137,-0.157469,0.032178
1,lorentzian,0.118065,-0.141573,0.033873,-0.009680,0.088591,0.065841,-0.029612,0.015715,0.164609,-0.001388,0.116218,0.102662,-0.075517,0.067125,0.030872,-0.146083,-0.143299,-0.041144,-0.037516,0.153167,0.021480,0.073869,0.116432,0.007166,0.019583,-0.027870,0.072381,0.099302,0.060298,0.257605,0.139676,-0.006899,0.152978,0.168119,0.137654,0.200695,0.134907,0.099072,0.287799,0.192087,0.320302,0.427453,0.492114,0.466584,0.689948,0.867473,0.877575,1.090441,1.225835,1.256380,1.318427,1.188303,0.986954,0.846200,0.886813,0.613649,0.483917,0.614921,0.380540,0.218221,0.298397,0.199106,0.205675,0.284485,0.177570,0.111927,0.114713,0.016021,0.133202,0.131649,0.134039,0.007496,0.072415,-0.028073,0.032818,0.159554,0.225810,0.141387,-0.013606,0.195219,-0.034528,0.077261,0.108876,0.014347,0.040097,0.122517,0.086142,0.059381,0.084825,0.050489,0.002780,0.107548,0.065597,0.078908,-0.014357,-0.241536,-0.059618,0.020302,0.110298,0.034286,0.076648
1,lorentzian,-0.012143,0.042941,0.040439,0.059111,0.024281,0.178513,0.037164,-0.062180,0.006170,0.003698,-0.107843,-0.038978,-0.018945,0.166668,0.252401,-0.104976,0.189371,-0.111070,0.007206,-0.151410,0.067493,-0.088141,0.017949,-0.162402,-0.036614,-0.120975,0.152914,0.034786,-0.197730,0.110871,0.122433,0.125256,0.037378,0.047898,0.041316,-0.022860,0.102071,0.085649,0.217689,0.222980,0.204342,0.277160,0.160370,0.281255,0.240531,0.286888,0.268362,0.475762,0.590807,0.719406,0.929005,0.946131,0.983018,0.963273,0.971947,0.718372,0.711451,0.451825,0.331244,0.259264,0.278277,0.283259,0.134752,-0.028939,0.034613,0.146227,0.035254,0.133280,-0.087564,0.008348,0.139120,-0.126317,0.001925,-0.035070,0.055525,0.022835,-0.051609,0.180777,0.096180,-0.091923,0.017192,0.127006,-0.048058,-0.019768,-0.121234,0.003423,-0.002282,-0.176381,-0.013331,-0.034701,0.044925,-0.076869,0.120677,-0.052574,0.075655,-0.098313,-0.005999,-0.133490,0.132060,0.065528,-0.041674
0,gaussian,-0.017483,0.003775,0.019245,0.019514,-0.010091,0.002022,-0.008247,-0.033112,0.001568,0.015359,0.022379,0.013128,-0.009196,-0.004837,-0.015141,0.006881,-0.019490,0.009285,0.024755,0.020838,0.003766,0.030758,0.006215,-0.003260,0.006423,-0.002869,-0.001732,0.017108,0.012496,-0.001642,0.021968,0.027218,-0.023927,0.000868,-0.015775,-0.000119,0.009806,0.010431,-0.010724,-0.007864,-0.004652,0.024821,0.030317,0.008104,0.089616,0.190526,0.406405,0.743396,1.274967,1.895118,2.442956,2.794652,2.800029,2.439164,1.874677,1.286240,0.764227,0.355556,0.161290,0.065100,0.030219,0.021679,0.007042,-0.014244,-0.000675,0.024582,0.002685,-0.021241,0.014207,0.008158,0.025412,0.005166,0.010941,-0.000888,-0.013857,-0.007071,0.001597,-0.016432,0.005431,0.016848,-0.011611,0.007279,-0.006009,-0.002952,0.029041,-0.010568,-0.020080,0.002690,0.002933,0.005352,-0.032832,0.029754,-0.001991,0.022683,-0.009944,0.003843,0.007486,0.022665,-0.009363,0.003161,-0.011019
1,lorentzian,0.009342,0.030077,0.047684,0.057315,-0.108620,-0.130367,0.070522,0.118460,0.062483,0.082986,0.141857,0.125867,0.101168,0.183475,0.125308,0.055355,0.040303,0.120703,0.049747,0.006419,0.009161,0.137823,0.210899,0.222068,-0.003875,0.001116,0.004459,0.103109,-0.028132,0.163744,0.024594,0.074760,0.029534,0.312983,0.051313,0.153875,0.161421,0.124539,0.236211,0.403399,0.297326,0.491208,0.401997,0.490183,0.554168,0.838780,0.848261,0.868857,1.245178,1.256007,1.265737,1.127245,1.265500,1.028384,0.683009,0.863287,0.868782,0.546883,0.541157,0.415875,0.390923,0.351452,0.165416,0.277175,0.295122,0.232877,-0.075126,0.045497,0.012935,0.134037,0.004443,0.047195,-0.108266,-0.021557,0.025221,-0.041222,-0.048731,0.037398,0.097835,-0.054282,-0.079165,0.092195,0.071838,-0.008706,-0.037378,0.053304,-0.076884,0.209520,-0.022171,0.013582,0.061378,0.071378,-0.035731,0.006110,0.101768,0.033048,-0.145209,-0.131396,0.013876,0.040236,-0.040210
0,gaussian,-0.003398,0.044178,-0.017031,0.011112,0.013316,0.017611,0.004692,-0.001341,-0.003216,-0.015182,-0.002829,-0.006186,0.014820,-0.001676,0.009197,-0.031753,-0.006604,-0.000560,-0.002283,0.005416,0.032982,0.025653,-0.008278,0.015571,0.005153,0.009243,0.028569,0.002920,0.013000,-0.014589,-0.010828,0.023963,0.020586,-0.008839,0.006300,-0.017574,-0.003840,0.007664,0.001890,0.001015,-0.011543,0.008261,0.015243,0.062435,0.175413,0.425187,0.941645,1.651268,2.377862,2.848438,2.844861,2.273214,1.566347,0.892502,0.419226,0.148431,0.044317,0.020850,-0.003676,0.006646,0.011588,0.013585,0.024451,-0.005224,0.001575,-0.001523,-0.018084,0.001834,0.005387,0.005064,-0.023550,-0.001926,-0.012157,-0.008525,0.019204,0.003690,0.007596,0.028929,0.003902,0.033442,-0.032424,-0.005555,-0.021263,0.014570,0.017084,-0.006839,0.026507,-0.023666,-0.006597,-0.005348,-0.022555,-0.013141,-0.030823,0.005776,0.004690,-0.005823,0.005238,0.027415,0.033355,0.020437,0.012542
1,lorentzian,0.082629,0.175939,-0.214252,0.039282,0.033248,0.171502,-0.041700,0.000963,0.050145,0.116587,-0.086034,0.089024,0.216274,-0.090121,0.225001,-0.035147,0.054098,-0.088954,0.007446,0.098307,0.168352,-0.056110,0.203243,0.028948,0.137215,0.078497,0.082963,0.191073,0.112088,0.106798,0.099226,0.142670,0.274055,0.314896,0.332897,0.259643,0.463057,0.619077,0.577669,0.885771,1.112384,1.238141,1.386760,1.377489,1.394407,1.203401,0.983764,0.736183,0.597683,0.465830,0.544450,0.382271,0.477821,0.277024,0.218982,0.019333,0.234503,0.177134,0.015641,0.133218,0.092315,0.102371,-0.003248,0.043236,0.173889,0.039464,0.055294,0.006905,0.008506,-0.050260,-0.043684,0.123676,0.024136,0.130519,-0.179950,0.006410,-0.006092,0.114024,-0.089179,0.083684,0.030362,0.216424,0.088602,-0.023442,-0.015453,0.118249,0.033145,0.091688,-0.072460,-0.167643,-0.044594,-0.127031,0.032717,0.108731,-0.088711,0.072202,0.104934,-0.009738,-0.073618,-0.039378,0.009558
0,gaussian,-0.032879,-0.019189,0.001395,-0.024038,0.011115,0.013019,-0.026112,-0.029741,0.010350,-0.012026,0.012028,0.003293,-0.020535,-0.014548,-0.016038,-0.009394,-0.006640,-0.006412,-0.013861,0.044529,-0.027755,-0.004113,-0.001675,0.020503,0.011087,-0.015882,-0.002178,0.023808,-0.007208,-0.029002,-0.002418,-0.025935,-0.010604,-0.008407,-0.009594,-0.008000,0.002578,0.009464,0.010825,0.006591,0.011449,0.020889,0.008493,0.027845,0.056300,0.170798,0.469061,1.062026,1.827592,2.586271,2.965369,2.777218,2.128815,1.315839,0.632381,0.229563,0.069101,0.032398,-0.022385,0.029179,0.009791,0.014873,-0.001665,-0.008419,-0.031864,-0.004126,-0.006050,-0.004853,0.011386,-0.017338,0.001546,0.000273,-0.012147,-0.026393,0.012403,0.016400,-0.013657,-0.016935,-0.011538,-0.007032,0.010088,0.000909,-0.015981,0.000349,0.001218,0.038109,0.020152,-0.027515,0.001701,0.001963,-0.012226,-0.012484,0.027762,0.024133,-0.023503,0.023346,0.005824,-0.000533,-0.003299,-0.008477,0.026141
1,lorentzian,0.159532,0.056163,0.104207,0.028970,0.106366,0.126272,-0.013595,-0.026992,0.044986,0.039351,0.044549,0.068329,0.052784,0.016241,-0.029035,0.125121,-0.008512,-0.042910,0.118083,0.019197,0.072647,0.203810,0.082104,0.207002,0.109067,0.104340,0.135123,0.059241,0.143250,0.199319,0.193928,0.123055,0.109807,0.308802,0.337172,0.458806,0.400731,0.421785,0.461548,0.804049,0.818253,0.963581,1.275245,1.120440,1.174936,1.352568,1.136375,1.055441,0.867655,0.884670,0.659225,0.580386,0.443405,0.402819,0.354893,0.303307,0.254051,0.178271,0.153181,0.220079,0.193549,0.233328,0.203434,0.207136,0.045904,0.005180,0.152051,-0.070351,0.029394,0.051614,-0.072872,0.100084,0.065124,0.014925,0.056456,-0.056682,0.102129,0.089498,-0.036789,-0.100137,0.020519,-0.011144,0.011532,-0.019229,-0.088546,0.057158,0.159623,-0.094107,0.046312,0.074103,0.066475,0.211947,-0.014367,0.054394,0.105635,-0.035139,0.037920,0.061185,0.017293,0.056946,0.064871
0,gaussian,0.015683,-0.012024,-0.006828,-0.008386,0.003845,0.017244,-0.032753,0.015057,0.007183,0.003169,0.032759,0.012106,0.012972,0.015901,-0.002005,-0.000621,-0.002050,-0.006768,-0.000541,-0.007009,-0.003203,-0.000948,-0.010377,-0.006523,-0.002552,-0.011120,0.017811,0.003823,0.002157,-0.002961,-0.013526,0.015558,-0.013464,0.007488,-0.010894,0.010102,0.012942,0.005057,0.001089,-0.005372,0.001877,-0.020150,-0.012128,0.035659,0.105080,0.283805,0.609764,1.131559,1.748875,2.282179,2.520703,2.340398,1.846440,1.219963,0.699955,0.313694,0.125008,0.059789,0.010704,0.000298,-0.001499,0.017826,0.007132,-0.010779,-0.005263,0.014560,0.003029,0.014381,0.017780,-0.008981,0.013795,0.024620,-0.020036,0.005385,-0.004400,-0.003337,-0.005007,0.023772,-0.003605,0.010387,0.006182,0.004249,-0.000340,-0.017934,0.004873,0.004809,-0.015611,0.004613,-0.019083,-0.002875,0.011555,0.018321,-0.010157,-0.013461,-0.013719,0.019934,0.004641,-0.014433,0.009271,0.000603,-0.001048
0,gaussian,0.002077,0.027924,0.011729,-0.015386,0.002116,-0.020725,-0.016948,-0.016433,0.009634,0.015212,0.011065,-0.002724,-0.007415,-0.007542,-0.004482,-0.020709,0.018927,-0.010312,-0.005855,0.010654,0.000485,0.021320,-0.013272,-0.005547,-0.005842,0.000457,0.016162,0.005771,0.006892,-0.015080,0.020903,-0.015138,-0.009204,-0.012436,-0.004782,-0.002846,0.013002,0.000856,-0.016587,-0.004747,-0.017439,0.012239,0.008941,0.027687,0.072432,0.216750,0.541824,1.117510,1.836911,2.533350,2.810064,2.579775,1.907191,1.165485,0.586347,0.255545,0.071402,0.019123,-0.006891,0.002018,-0.018609,0.019480,0.022158,0.007382,0.004410,-0.000846,0.009933,-0.004167,-0.000788,-0.008250,-0.005724,0.011565,0.007630,0.020135,0.009336,-0.009072,0.023908,-0.012274,-0.017166,-0.012143,-0.007396,-0.010344,-0.004708,0.016303,-0.017143,-0.006882,0.024501,-0.018990,-0.011202,0.003075,-0.001155,0.002082,-0.015906,0.003170,-0.015004,-0.015544,0.002794,-0.008858,-0.014905,0.013146,-0.015538
1,lorentzian,-0.108250,-0.068562,0.133898,0.013021,0.059960,0.099273,0.079029,0.061829,-0.185058,-0.188804,-0.023982,0.115677,0.141996,-0.060234,-0.022394,0.035387,0.298238,-0.079992,-0.136027,0.018260,0.094032,-0.066579,0.148651,0.230575,-0.080927,0.146504,0.174925,-0.030198,0.145286,0.112852,0.188834,0.120232,-0.041685,-0.008960,0.154995,0.002689,0.041782,0.012324,0.205916,0.159338,0.174788,0.078410,0.223391,0.211953,0.313668,0.409353,0.231530,0.438761,0.711212,0.767238,0.907583,0.997386,1.175330,1.041740,1.156886,1.025186,0.972988,0.725487,0.449047,0.446379,0.255081,0.307016,0.288491,0.206433,0.282414,0.109137,0.045545,-0.076708,0.025608,0.019190,0.178445,0.121033,0.249045,0.144718,0.167121,0.001744,0.126923,0.139236,0.057087,0.151112,0.027378,0.148532,0.201369,0.072748,0.128650,0.144758,-0.030088,-0.044516,-0.012678,-0.037299,0.082042,0.010676,-0.056234,0.120020,0.014871,-0.061882,-0.097848,0.005287,-0.095434,0.006826,0.111139
1,lorentzian,-0.032546,0.014455,0.056190,-0.036888,-0.051612,0.022642,0.149061,-0.020681,-0.008576,0.174835,-0.027208,0.034949,0.089261,0.014388,0.041488,-0.034764,0.053911,0.010310,-0.053712,0.077422,-0.091644,0.025617,-0.009846,0.127058,0.051198,0.086251,0.174077,-0.043835,0.040901,0.085624,-0.042138,0.221603,0.047713,0.061439,0.063711,0.117273,0.216260,0.132025,0.064964,0.158288,0.274256,0.213406,0.229606,0.403432,0.616334,0.535246,0.842925,0.842702,0.889008,0.953861,1.171653,0.964043,0.892514,0.750712,0.639720,0.519791,0.317131,0.379966,0.258112,0.171177,0.382686,0.196660,0.087642,0.055812,0.107642,0.123188,0.083522,0.232375,0.090273,0.249086,0.044575,-0.029260,0.192940,-0.017082,0.104257,0.091537,-0.051584,0.122083,-0.008968,-0.017707,-0.014318,-0.033089,-0.003531,0.045266,0.045317,-0.107744,-0.093102,0.072611,0.121966,0.082728,0.013586,0.039759,-0.100308,0.102989,0.038086,0.074579,-0.055957,0.137611,0.002463,-0.029571,0.059697
0,gaussian,-0.013700,-0.037875,-0.014593,-0.000135,-0.030716,0.010478,-0.017466,-0.026689,-0.009432,0.022835,0.003107,-0.022116,-0.012811,0.017935,-0.023684,0.017787,-0.008535,-0.013404,0.027487,0.038006,-0.010998,0.006639,-0.029074,0.001805,-0.041946,0.001817,-0.019923,-0.034217,0.033136,0.026131,0.021670,0.002663,-0.008010,-0.004140,-0.020876,0.011841,-0.006745,0.021366,0.011546,0.005810,0.011204,0.018558,0.052015,0.148981,0.332583,0.690616,1.217780,1.819521,2.356777,2.603068,2.425463,1.973565,1.363204,0.827990,0.394593,0.209273,0.052890,0.004166,0.019950,-0.005472,-0.017016,0.000477,-0.009468,0.003397,0.002627,0.015287,0.007313,0.032145,-0.022530,0.022789,0.029747,-0.026532,-0.004646,-0.019688,-0.011081,0.006926,-0.003644,0.005139,-0.012153,-0.003020,-0.013086,0.016358,0.006877,-0.005474,-0.012761,-0.001624,0.018920,0.017773,0.014585,-0.001436,0.042251,0.009516,-0.006981,0.005400,-0.004589,0.000487,-0.005455,0.012711,0.011146,0.016080,0.003381
0,gaussian,0.023597,0.002593,0.011119,-0.014665,0.003397,0.007488,-0.008215,-0.012962,-0.007218,-0.004426,0.003653,-0.022319,-0.004838,0.005579,-0.005886,0.014455,-0.015275,0.012256,-0.010137,-0.021838,0.008647,-0.000266,0.006233,0.033019,0.013490,-0.002026,0.006866,0.028436,-0.000519,-0.009320,0.002166,-0.019557,0.003269,-0.006217,-0.014608,0.004417,-0.012260,0.011054,-0.001970,0.014011,0.018762,0.042916,0.092704,0.248951,0.562372,1.087516,1.740833,2.452620,2.902146,2.969919,2.553855,1.867934,1.175942,0.617114,0.294078,0.109870,0.017927,0.007884,0.012344,-0.019841,0.008830,-0.008463,0.012017,-0.010267,-0.002660,0.002323,-0.014260,-0.003826,0.009341,0.014571,0.006750,0.013233,0.014697,-0.015067,-0.006318,0.004411,-0.000655,-0.000948,-0.004952,0.005130,-0.013476,-0.020961,0.025140,-0.006810,0.010309,0.011852,0.008888,-0.009747,-0.006008,-0.004444,0.020268,-0.013955,-0.007836,-0.012228,-0.010339,-0.018266,0.000399,0.004753,-0.000460,-0.010217,0.024231
